GO_ID,Count,GO_TERM,Aspect,go_id_pmc,go_term_pmc,Rank,Bin,predicted_go_term,pmatch
GO:0005685,354,U1 snRNP,cellular_component,12,5165,57,1,anaphase-promoting complex,0
GO:0010008,769,endosome membrane,cellular_component,38,2590,33,1,endosome to lysosome transport,0
GO:0005686,316,U2 snRNP,cellular_component,6,3763,62,1,U12-type spliceosomal complex,0
GO:0090575,223,RNA polymerase II transcription regulator complex,cellular_component,42,110,86,1,RNA polymerase II transcription factor recruiting,0
GO:0005769,439,early endosome,cellular_component,33,13725,49,1,lysosome,0
GO:0034451,303,centriolar satellite,cellular_component,5,716,65,1,mitochondrial part,0
GO:0000781,250,"chromosome, telomeric region",cellular_component,19,66,78,1,chromosome,0
GO:0005912,239,adherens junction,cellular_component,87,19921,81,1,cell junction,0
GO:0001650,359,fibrillar center,cellular_component,11,589,56,1,fibrinogen complex,0
GO:0030496,288,midbody,cellular_component,60,8728,69,1,midbody,1
GO:0045111,133,intermediate filament cytoskeleton,cellular_component,52,1522,146,2,intercellular junction assembly,0
GO:0030666,118,endocytic vesicle membrane,cellular_component,36,307,159,2,endoplasmic reticulum to Golgi vesicle-mediated transport,0
GO:0072562,142,blood microparticle,cellular_component,117,602,135,2,blood coagulation,0
GO:0000775,128,"chromosome, centromeric region",cellular_component,92,359,148,2,chromatin,0
GO:0000786,150,nucleosome,cellular_component,160,68283,127,2,nucleosome,1
GO:0045095,123,keratin filament,cellular_component,60,1496,155,2,keratin filament,1
GO:0005930,182,axoneme,cellular_component,37,8188,105,2,axoneme,1
GO:0032587,114,ruffle membrane,cellular_component,17,17,163,2,rRNA primary transcript binding,0
GO:0016363,140,nuclear matrix,cellular_component,23,12678,140,2,histone mRNA metabolic process,0
GO:0030670,111,phagocytic vesicle membrane,cellular_component,19,86,167,2,cytoplasmic ribonucleoprotein granule,0
GO:0001533,83,cornified envelope,cellular_component,63,3550,190,3,cytoskeleton organization,0
GO:0005876,54,spindle microtubule,cellular_component,35,2889,255,3,spindle microtubule,1
GO:0031011,48,Ino80 complex,cellular_component,9,1136,273,3,regulation of cilium assembly,0
GO:0005697,50,telomerase holoenzyme complex,cellular_component,12,124,271,3,nucleolus,0
GO:0005691,63,U6atac snRNP,cellular_component,0,23,232,3,telomere,0
GO:0030992,52,intraciliary transport particle B,cellular_component,1,2,262,3,"proton-transporting ATP synthase complex, catalytic core",0
GO:0045335,74,phagocytic vesicle,cellular_component,27,435,208,3,phospholipid biosynthetic process,0
GO:0001772,57,immunological synapse,cellular_component,45,13247,251,3,demethylation,0
GO:0044322,56,endoplasmic reticulum quality control compartment,cellular_component,2,1,252,3,protein complex oligomerization,0
GO:0005881,71,cytoplasmic microtubule,cellular_component,10,1367,215,3,plasma membrane,0
GO:0071203,39,WASH complex,cellular_component,2,971,319,4,histone H3-K4 demethylation,0
GO:0033162,37,melanosome membrane,cellular_component,10,337,341,4,negative regulation of protein complex assembly,0
GO:0048188,41,Set1C/COMPASS complex,cellular_component,4,0,306,4,negative regulation of fibroblast proliferation,0
GO:0043195,47,terminal bouton,cellular_component,14,375,280,4,anchored component of membrane,0
GO:0033276,36,transcription factor TFTC complex,cellular_component,4,1,344,4,response to vitamin,0
GO:0042613,45,MHC class II protein complex,cellular_component,88,717,291,4,MHC class II protein complex,1
GO:0031931,37,TORC1 complex,cellular_component,2,691,336,4,neural crest cell migration,0
GO:0016342,42,catenin complex,cellular_component,14,1994,301,4,protein heterotetramerization,0
GO:0005795,41,Golgi stack,cellular_component,5,2489,310,4,histone acetyltransferase complex,0
GO:0000159,38,protein phosphatase type 2A complex,cellular_component,7,42,323,4,protein phosphatase type 2A complex,1
GO:0031941,33,filamentous actin,cellular_component,9,16302,374,5,filamentous actin,1
GO:0032426,26,stereocilium tip,cellular_component,0,12,432,5,protein localization to endoplasmic reticulum,0
GO:0030127,33,COPII vesicle coat,cellular_component,14,415,372,5,plasma membrane,0
GO:0070382,32,exocytic vesicle,cellular_component,14,503,378,5,transcription from RNA polymerase II promoter,0
GO:0042105,27,alpha-beta T cell receptor complex,cellular_component,9,35,427,5,olfactory receptor activity,0
GO:0031105,31,septin complex,cellular_component,3,442,391,5,DNA ligation,0
GO:0043186,28,P granule,cellular_component,10,1502,416,5,macromolecular complex,0
GO:0160111,34,axonemal A tubule inner sheath,cellular_component,0,0,366,5,response to interferon-alpha,0
GO:0002177,27,manchette,cellular_component,2,924,423,5,ribonucleoprotein complex biogenesis,0
GO:0005665,30,"RNA polymerase II, core complex",cellular_component,13,0,398,5,"DNA-directed RNA polymerase II, core complex",0
GO:1990454,20,L-type voltage-gated calcium channel complex,cellular_component,4,0,511,6,regulation of cellular response to stress,0
GO:0071162,21,CMG complex,cellular_component,5,763,496,6,negative regulation of protein localization to plasma membrane,0
GO:0000939,19,inner kinetochore,cellular_component,1,1306,522,6,condensed nuclear chromosome,0
GO:0030121,19,AP-1 adaptor complex,cellular_component,1,308,523,6,positive regulation of phospholipase activity,0
GO:0030008,22,TRAPP complex,cellular_component,5,482,477,6,reproductive process,0
GO:0016593,18,Cdc73/Paf1 complex,cellular_component,4,20,542,6,galactosyltransferase activity,0
GO:0099524,23,postsynaptic cytosol,cellular_component,1,27,464,6,regulation of cellular response to stress,0
GO:0120293,22,dynein axonemal particle,cellular_component,1,3,478,6,None,0
GO:0019773,22,"proteasome core complex, alpha-subunit complex",cellular_component,23,0,481,6,protein containing complex,0
GO:0000346,21,transcription export complex,cellular_component,6,313,495,6,transcriptional regulation of mitochondrial translation,0
GO:0060077,15,inhibitory synapse,cellular_component,5,5044,614,7,regulation of post-embryonic development,0
GO:0005693,15,U12 snRNP,cellular_component,0,84,610,7,nucleus,0
GO:0098691,17,dopaminergic synapse,cellular_component,4,1471,563,7,regulation of cellular response to stimulus,0
GO:0061827,17,sperm head,cellular_component,2,5961,570,7,regulation of cell growth,0
GO:0045275,16,respiratory chain complex III,cellular_component,7,841,595,7,cell wall organization,0
GO:0000800,16,lateral element,cellular_component,3,557,593,7,DNA repair,0
GO:0016471,16,vacuolar proton-transporting V-type ATPase complex,cellular_component,12,0,579,7,cell migration,0
GO:0033176,17,proton-transporting V-type ATPase complex,cellular_component,14,87,562,7,"proton-transporting ATP synthase complex, catalytic core",0
GO:0045252,16,oxoglutarate dehydrogenase complex,cellular_component,0,457,596,7,cell wall modification,0
GO:0097255,15,R2TP complex,cellular_component,0,359,599,7,cellular response to oxygen levels,0
GO:0072687,14,meiotic spindle,cellular_component,4,4999,643,8,single strand break repair,0
GO:0031429,12,box H/ACA snoRNP complex,cellular_component,1,0,692,8,"hydrolase activity, acting on ester bonds",0
GO:0031095,13,platelet dense tubular network membrane,cellular_component,3,8,659,8,receptor internalization,0
GO:0070552,12,BRISC complex,cellular_component,0,93,724,8,response to interleukin-1,0
GO:0031232,12,extrinsic component of external side of plasma membrane,cellular_component,11,0,716,8,regulation of nucleic acid-templated transcription,0
GO:0098837,12,postsynaptic recycling endosome,cellular_component,0,0,712,8,cellular response to DNA damage stimulus,0
GO:1990879,12,CST complex,cellular_component,0,707,709,8,regulation of cellular response to stimulus,0
GO:0030056,13,hemidesmosome,cellular_component,7,2387,662,8,cellular iron ion homeostasis,0
GO:0031253,13,cell projection membrane,cellular_component,21,115,678,8,cellular response to a stimulus,0
GO:0000801,12,central element,cellular_component,1,8851,687,8,transcription of nuclear large rRNA transcript from RNA polymerase I promoter,0
GO:0030124,11,AP-4 adaptor complex,cellular_component,0,24,741,9,transcriptional elongation from RNA polymerase II promoter,0
GO:0042582,11,azurophil granule,cellular_component,15,582,754,9,commodification of nitrogen compounds,0
GO:0031461,9,cullin-RING ubiquitin ligase complex,cellular_component,17,328,818,9,Cul4-RING E3 ubiquitin ligase complex,0
GO:0097197,10,tetraspanin-enriched microdomain,cellular_component,1,157,809,9,exocyst localization,0
GO:0120157,9,PAR polarity complex,cellular_component,0,469,814,9,regulation of cellular response to stress,0
GO:0098843,10,postsynaptic endocytic zone,cellular_component,0,3,805,9,axoneme assembly,0
GO:0005968,10,Rab-protein geranylgeranyltransferase complex,cellular_component,2,3,789,9,phosphoenolpyruvate carboxykinase activity,0
GO:0160157,11,branched-chain alpha-ketoacid dehydrogenase complex,cellular_component,0,371,737,9,regulation of macroautophagy,0
GO:0032437,11,cuticular plate,cellular_component,0,1193,732,9,receptor internalization,0
GO:0005588,11,collagen type V trimer,cellular_component,5,0,748,9,collagen type IV trimer,0
GO:1904949,8,ATPase complex,cellular_component,9,3475,909,10,regulation of response to osmotic stress,0
GO:0070938,8,contractile ring,cellular_component,2,4567,889,10,cellular response to DNA damage stimulus,0
GO:0120200,9,rod photoreceptor outer segment,cellular_component,0,203,841,10,None,0
GO:1990851,8,Wnt-Frizzled-LRP5/6 complex,cellular_component,1,0,903,10,regulation of cellular response to hypoxia,0
GO:1904602,8,serotonin-activated cation-selective channel complex,cellular_component,0,0,879,10,regulation of protein complex localization,0
GO:0045263,9,"proton-transporting ATP synthase complex, coupling factor F(o)",cellular_component,18,31,821,10,protein complex,0
GO:0071204,8,histone pre-mRNA 3'end processing complex,cellular_component,0,1,892,10,histone H3-K4 trimethylation,0
GO:0106333,8,subcortical maternal complex,cellular_component,0,292,864,10,None,0
GO:1990423,9,RZZ complex,cellular_component,0,294,827,10,mitochondrial outer membrane permeabilization,0
GO:0005655,8,nucleolar ribonuclease P complex,cellular_component,2,9,860,10,nuclear nucleosome,0
GO:0060171,7,stereocilium membrane,cellular_component,1,3,937,11,organ morphogenesis,0
GO:0060342,6,photoreceptor inner segment membrane,cellular_component,0,2,978,11,response to nutrient,0
GO:0005945,7,6-phosphofructokinase complex,cellular_component,5,17,964,11,phosphoinositide 3-kinase complex,0
GO:0035749,7,myelin sheath adaxonal region,cellular_component,2,1,926,11,mitochondrial outer membrane permeabilization,0
GO:0044300,7,cerebellar mossy fiber,cellular_component,2,558,914,11,autophagy,0
GO:0044304,7,main axon,cellular_component,13,836,949,11,autophagy,0
GO:0008290,8,F-actin capping protein complex,cellular_component,3,29,912,11,i-kappaB kinase/NF-kappaB cascade,0
GO:0001520,7,outer dense fiber,cellular_component,3,761,975,11,neural crest cell development,0
GO:0070449,7,elongin complex,cellular_component,1,65,965,11,lysosome organization,0
GO:0016914,7,follicle-stimulating hormone complex,cellular_component,1,1,938,11,transferase activity,0
GO:0032044,6,DSIF complex,cellular_component,1,156,1044,12,small molecule metabolic process,0
GO:0098985,6,"asymmetric, glutamatergic, excitatory synapse",cellular_component,1,0,1060,12,response to nutrient,0
GO:0097342,6,ripoptosome,cellular_component,2,973,1053,12,response to inorganic substance,0
GO:0097145,5,BAK complex,cellular_component,0,56,1084,12,cellular response to acidic pH,0
GO:0016939,5,kinesin II complex,cellular_component,0,141,1079,12,mitochondrial outer membrane permeabilization,0
GO:0002079,6,inner acrosomal membrane,cellular_component,2,379,1056,12,filamentous growth,0
GO:0106003,6,amyloid-beta complex,cellular_component,0,6,1013,12,None,0
GO:0097180,6,serine protease inhibitor complex,cellular_component,2,0,1063,12,cellular response to lipopolysaccharide,0
GO:0042720,5,mitochondrial inner membrane peptidase complex,cellular_component,1,34,1091,12,regulation of cell cycle,0
GO:0005826,5,actomyosin contractile ring,cellular_component,4,663,1076,12,cytosol,0
GO:0061696,5,pituitary gonadotropin complex,cellular_component,0,0,1154,13,regulation of cell cycle process,0
GO:0016507,5,mitochondrial fatty acid beta-oxidation multienzyme complex,cellular_component,2,2,1133,13,protein modification process,0
GO:0031515,5,tRNA (m1A) methyltransferase complex,cellular_component,0,1,1117,13,poly(A)+ mRNA export from nucleus,0
GO:0098944,5,postsynaptic recycling endosome membrane,cellular_component,0,0,1147,13,cellular response to fatty acid,0
GO:0106002,5,mCRD-mediated mRNA stability complex,cellular_component,0,0,1153,13,None,0
GO:0005642,5,annulate lamellae,cellular_component,1,606,1141,13,nuclear pore outer ring,0
GO:0062157,4,mitochondrial ATP-gated potassium channel complex,cellular_component,0,0,1161,13,regulation of protein stability,0
GO:1905347,5,endodeoxyribonuclease complex,cellular_component,0,0,1123,13,regulation of response to osmotic stress,0
GO:0097728,5,9+0 motile cilium,cellular_component,1,0,1102,13,vesicle-mediated transport,0
GO:0005586,5,collagen type III trimer,cellular_component,4,0,1114,13,cubic membrane,0
GO:1990406,4,CGRP receptor complex,cellular_component,0,111,1255,14,regulation of cellular response to hypoxia,0
GO:0045293,4,mRNA editing complex,cellular_component,0,124,1256,14,tRNA (cytosine-5-)-methyltransferase activity,0
GO:1904090,4,peptidase inhibitor complex,cellular_component,0,1,1268,14,positive regulation of cellular response to stimulus,0
GO:0034688,4,integrin alphaM-beta2 complex,cellular_component,0,0,1214,14,protein homodimerization activity,0
GO:1990667,4,PCSK9-AnxA2 complex,cellular_component,0,0,1240,14,mitochondrial outer membrane permeabilization,0
GO:1990357,4,terminal web,cellular_component,2,1088,1233,14,regulation of cellular response to DNA damage stimulus,0
GO:0097196,4,Shu complex,cellular_component,1,217,1203,14,exocyst localization,0
GO:0071748,4,monomeric IgA immunoglobulin complex,cellular_component,0,0,1247,14,cellular response to nitrogen levels,0
GO:0070381,4,endosome to plasma membrane transport vesicle,cellular_component,0,0,1212,14,cellular response to acid chemical,0
GO:0005862,4,muscle thin filament tropomyosin,cellular_component,6,25,1189,14,inhibition of transcription from RNA polymerase II promoter,0
GO:1990512,3,Cry-Per complex,cellular_component,1,0,1318,15,negative regulation of cellular response to insulin stimulus,0
GO:0070743,3,interleukin-23 complex,cellular_component,0,0,1347,15,response to sulfur dioxide,0
GO:0070069,3,cytochrome complex,cellular_component,16,686,1278,15,regulation of cell shape,0
GO:0070033,3,synaptobrevin 2-SNAP-25-syntaxin-1a-complexin II complex,cellular_component,1,0,1313,15,telomere maintenance,0
GO:0150048,3,cerebellar granule cell to Purkinje cell synapse,cellular_component,0,0,1335,15,positive regulation of cellular response to stress,0
GO:0061773,3,eNoSc complex,cellular_component,1,12,1321,15,histone H3-K4 trimethylation,0
GO:0061851,3,leading edge of lamellipodium,cellular_component,0,0,1341,15,protein import into mitochondrial outer membrane,0
GO:0035868,3,alphav-beta3 integrin-HMGB1 complex,cellular_component,0,0,1351,15,cellular response to growth factor stimulus,0
GO:0044753,3,amphisome,cellular_component,1,809,1296,15,single-organism metabolic process,0
GO:0031391,3,Elg1 RFC-like complex,cellular_component,1,0,1315,15,cis-regulatory region sequence-specific DNA binding,0
GO:0000262,2,mitochondrial chromosome,cellular_component,0,956,1428,16,mitotic spindle assembly,0
GO:0045098,3,type III intermediate filament,cellular_component,2,1158,1391,16,regulation of gene expression,0
GO:1990425,2,ryanodine receptor complex,cellular_component,0,576,1419,16,regulation of cellular response to DNA damage stimulus,0
GO:0097519,2,DNA recombinase complex,cellular_component,0,0,1414,16,cellular potassium ion homeostasis,0
GO:1990590,3,ATF1-ATF4 transcription factor complex,cellular_component,0,1,1373,16,regulation of cellular response to vascular endothelial growth factor stimulus,0
GO:1990711,2,beta-catenin-ICAT complex,cellular_component,0,2,1454,16,regulation of cellular response to stress,0
GO:0032156,2,septin cytoskeleton,cellular_component,0,671,1430,16,regulation of cell differentiation,0
GO:0070443,2,Mad-Max complex,cellular_component,0,58,1416,16,receptor internalization,0
GO:0033011,2,perinuclear theca,cellular_component,0,246,1436,16,sarcomere organization,0
GO:0008328,2,ionotropic glutamate receptor complex,cellular_component,16,52,1434,16,cysteine-type peptidase activity,0
GO:1905360,2,GTPase complex,cellular_component,4,582,1535,17,regulation of protein localization to plasma membrane,0
GO:0097014,2,ciliary plasm,cellular_component,21,11,1491,17,cellular response to nitrogen starvation,0
GO:0031501,2,mannosyltransferase complex,cellular_component,3,105,1547,17,angiogenesis,0
GO:1990566,2,I(KACh) inward rectifier potassium channel complex,cellular_component,0,0,1484,17,DNA-dependent DNA replication,0
GO:1990728,2,mitotic spindle assembly checkpoint MAD1-MAD2 complex,cellular_component,0,0,1495,17,regulation of cellular response to stress,0
GO:1990647,2,C/EBP complex,cellular_component,0,31,1500,17,regulation of cellular response to stress,0
GO:0097133,2,cyclin D3-CDK6 complex,cellular_component,0,22,1482,17,regulation of cellular response to stress,0
GO:0032476,2,polyprenyl diphosphate synthase complex,cellular_component,0,0,1516,17,oxygen binding,0
GO:0071133,2,alpha9-beta1 integrin-ADAM8 complex,cellular_component,0,0,1514,17,cellular response to DNA damage stimulus,0
GO:0140240,2,perforant pathway to dendrate granule cell synapse,cellular_component,0,0,1487,17,cellular response to nitrogen levels,0
GO:0005969,1,serine-pyruvate aminotransferase complex,cellular_component,0,0,1612,18,"ATPase activity, coupled to movement of substances",0
GO:1990620,1,ANPR-A receptor complex,cellular_component,0,0,1633,18,regulation of cellular response to insulin stimulus,0
GO:0150056,1,amylin receptor complex 1,cellular_component,0,0,1628,18,lysine biosynthetic process via diaminopimelate,0
GO:0097181,1,protein C inhibitor-coagulation factor V complex,cellular_component,0,0,1623,18,response to acid,0
GO:0031906,2,late endosome lumen,cellular_component,3,5,1562,18,microtubule-based movement,0
GO:0070210,2,Rpd3L-Expanded complex,cellular_component,3,1,1560,18,regulation of thymocyte apoptotic process,0
GO:0035841,1,new growing cell tip,cellular_component,0,0,1593,18,positive regulation of cell size,0
GO:0034777,1,recycling endosome lumen,cellular_component,0,0,1613,18,mitochondrial outer membrane permeabilization,0
GO:1990047,2,spindle matrix,cellular_component,1,531,1585,18,regulation of cellular response to DNA damage stimulus,0
GO:0043073,2,germ cell nucleus,cellular_component,3,152,1558,18,regulation of cellular carbohydrate catabolic process,0
GO:0034718,1,SMN-Gemin2 complex,cellular_component,0,46,1651,19,protein modification by small protein conjugation or removal,0
GO:0070826,1,paraferritin complex,cellular_component,1,0,1724,19,innate immune response-activating signal transduction,0
GO:1990706,1,MAD1 complex,cellular_component,0,13,1702,19,regulation of cellular response to stimulus,0
GO:1902912,1,pyruvate kinase complex,cellular_component,0,3,1683,19,regulation of protein complex localization,0
GO:0031475,1,myosin V complex,cellular_component,0,5,1706,19,intracellular signal transduction,0
GO:0033593,1,BRCA2-MAGE-D1 complex,cellular_component,1,0,1725,19,actin filament capping,0
GO:0071513,1,phosphopantothenoylcysteine decarboxylase complex,cellular_component,1,0,1716,19,cellular response to insulin stimulus,0
GO:1990038,1,Lewy body corona,cellular_component,1,0,1728,19,regulation of cellular response to stress,0
GO:0035838,1,growing cell tip,cellular_component,0,57,1648,19,negative regulation of lipid biosynthetic process,0
GO:0045267,1,"proton-transporting ATP synthase, catalytic core",cellular_component,0,6,1711,19,"proton-transporting ATP synthase complex, catalytic core",0
GO:0005700,1,polytene chromosome,cellular_component,1,2540,1749,20,nucleolus,0
GO:0044207,1,translation initiation ternary complex,cellular_component,1,2,1771,20,phospholipid metabolic process,0
GO:0009360,1,DNA polymerase III complex,cellular_component,7,61,1832,20,heme binding,0
GO:0120231,1,DNA recombinase auxiliary factor complex,cellular_component,0,0,1808,20,None,0
GO:0120134,1,proximal portion of axoneme,cellular_component,0,0,1799,20,None,0
GO:0090498,1,extrinsic component of Golgi membrane,cellular_component,0,0,1787,20,protein kinase regulator activity,0
GO:0097471,1,mossy fiber rosette,cellular_component,1,21,1764,20,cellular response to DNA damage stimulus,0
GO:0044225,1,apical pole of neuron,cellular_component,1,0,1745,20,ribonucleoprotein complex,0
GO:0043528,1,tRNA (m2G10) methyltransferase complex,cellular_component,0,0,1809,20,myosin II complex,0
GO:0097409,1,glial cytoplasmic inclusion,cellular_component,1,194,1760,20,mitochondrial outer membrane permeabilization,0
GO:0006099,65,tricarboxylic acid cycle,biological_process,,,463,1,tricarboxylic acid cycle,1
GO:0006487,97,protein N-linked glycosylation,biological_process,,,263,1,protein modification process,0
GO:0097191,66,extrinsic apoptotic signaling pathway,biological_process,,,448,1,exocytosis,0
GO:0002931,67,response to ischemia,biological_process,,,438,1,protein transport,0
GO:0051321,72,meiotic cell cycle,biological_process,,,392,1,meiotic metaphase I spindle organization,0
GO:2000648,65,positive regulation of stem cell proliferation,biological_process,,,464,1,positive regulation of chromatin silencing,0
GO:0050821,317,protein stabilization,biological_process,,,52,1,protein stabilization,1
GO:0007094,53,mitotic spindle assembly checkpoint signaling,biological_process,,,593,1,mitotic spindle assembly checkpoint,0
GO:0048812,69,neuron projection morphogenesis,biological_process,,,421,1,axon guidance,0
GO:0060041,63,retina development in camera-type eye,biological_process,,,481,1,response to symbiont,0
GO:0045050,34,protein insertion into ER membrane by stop-transfer membrane-anchor sequence,biological_process,,,1026,2,regulation of bone resorption,0
GO:0051966,33,"regulation of synaptic transmission, glutamatergic",biological_process,,,1073,2,nucleosome disassembly,0
GO:0008033,37,tRNA processing,biological_process,,,920,2,tRNA processing,1
GO:0000422,33,autophagy of mitochondrion,biological_process,,,1069,2,sister chromatid cohesion,0
GO:0019216,39,regulation of lipid metabolic process,biological_process,,,884,2,pyrophosphatase activity,0
GO:0032727,33,positive regulation of interferon-alpha production,biological_process,,,1087,2,positive regulation of cytokine production,0
GO:0090050,47,positive regulation of cell migration involved in sprouting angiogenesis,biological_process,,,710,2,relaxation of muscle,0
GO:0000079,31,regulation of cyclin-dependent protein serine/threonine kinase activity,biological_process,,,1155,2,regulation of mitotic cell cycle,0
GO:0042542,36,response to hydrogen peroxide,biological_process,,,951,2,response to hydrogen peroxide,1
GO:0030214,30,hyaluronan catabolic process,biological_process,,,1200,2,protein modification by small protein conjugation or removal,0
GO:0038066,28,p38MAPK cascade,biological_process,,,1289,3,endosome to lysosome transport,0
GO:0097435,21,supramolecular fiber organization,biological_process,,,1744,3,neutrophil activation,0
GO:0140042,22,lipid droplet formation,biological_process,,,1650,3,response to low light intensity,0
GO:0010996,25,response to auditory stimulus,biological_process,,,1407,3,regulation of transcription from RNA polymerase II promoter,0
GO:0085020,22,protein K6-linked ubiquitination,biological_process,,,1610,3,protein targeting to peroxisome,0
GO:0032502,20,developmental process,biological_process,,,1780,3,developmental process,1
GO:0006977,25,"DNA damage response, signal transduction by p53 class mediator resulting in cell cycle arrest",biological_process,,,1419,3,"DNA damage response, signal transduction by p53 class mediator",0
GO:0006939,21,smooth muscle contraction,biological_process,,,1721,3,muscle contraction,0
GO:0033619,20,membrane protein proteolysis,biological_process,,,1793,3,activating transcription factor binding,0
GO:0048015,24,phosphatidylinositol-mediated signaling,biological_process,,,1492,3,phosphoinositide 3-kinase regulator activity,0
GO:0071498,17,cellular response to fluid shear stress,biological_process,,,2187,4,cellular response to endoplasmic reticulum stress,0
GO:0007208,15,phospholipase C-activating serotonin receptor signaling pathway,biological_process,,,2361,4,activation of Ras GTPase activity,0
GO:0035162,17,embryonic hemopoiesis,biological_process,,,2109,4,embryonic hemopoiesis,1
GO:0006892,19,post-Golgi vesicle-mediated transport,biological_process,,,1893,4,post-Golgi vesicle-mediated transport,1
GO:0010763,15,positive regulation of fibroblast migration,biological_process,,,2333,4,negative regulation of fibroblast proliferation,0
GO:0033630,18,positive regulation of cell adhesion mediated by integrin,biological_process,,,1992,4,cellular response to insulin stimulus,0
GO:0030311,16,poly-N-acetyllactosamine biosynthetic process,biological_process,,,2309,4,chitinase activity,0
GO:0043200,18,response to amino acid,biological_process,,,2032,4,response to external biotic stimulus,0
GO:1990869,17,cellular response to chemokine,biological_process,,,2129,4,regulation of cellular response to stimulus,0
GO:0051256,17,mitotic spindle midzone assembly,biological_process,,,2188,4,mitochondrial proton-transporting ATP synthase complex assembly,0
GO:1903980,14,positive regulation of microglial cell activation,biological_process,,,2536,5,positive regulation of protein targeting to mitochondrion,0
GO:0042592,12,homeostatic process,biological_process,,,2933,5,homeostatic process,1
GO:0035455,14,response to interferon-alpha,biological_process,,,2516,5,root hair cell differentiation,0
GO:0010884,14,positive regulation of lipid storage,biological_process,,,2562,5,regulation of 1-aminocyclopropane-1-carboxylate synthase activity,0
GO:1900246,12,positive regulation of RIG-I signaling pathway,biological_process,,,2888,5,positive regulation of protein targeting to mitochondrion,0
GO:0006729,13,tetrahydrobiopterin biosynthetic process,biological_process,,,2655,5,ether lipid biosynthetic process,0
GO:0006995,12,cellular response to nitrogen starvation,biological_process,,,2860,5,cell aging,0
GO:1904996,14,positive regulation of leukocyte adhesion to vascular endothelial cell,biological_process,,,2474,5,regulation of cellular response to stimulus,0
GO:0060259,12,regulation of feeding behavior,biological_process,,,2930,5,regulation of cell surface receptor signaling pathway,0
GO:0040015,13,negative regulation of multicellular organism growth,biological_process,,,2713,5,heme binding,0
GO:0032649,9,regulation of type II interferon production,biological_process,,,3498,6,regulation of protein insertion into mitochondrial membrane involved in apoptotic process,0
GO:0021612,10,facial nerve structural organization,biological_process,,,3351,6,neurotransmitter transport,0
GO:0070574,9,cadmium ion transmembrane transport,biological_process,,,3551,6,response to antibiotic,0
GO:0032873,9,negative regulation of stress-activated MAPK cascade,biological_process,,,3529,6,regulation of RNA splicing,0
GO:0010898,10,positive regulation of triglyceride catabolic process,biological_process,,,3237,6,rRNA transcription,0
GO:0071787,10,endoplasmic reticulum tubular network formation,biological_process,,,3235,6,cellular response to insulin stimulus,0
GO:0097011,11,cellular response to granulocyte macrophage colony-stimulating factor stimulus,biological_process,,,3146,6,neutrophil mediated immunity,0
GO:0008228,10,opsonization,biological_process,,,3236,6,oligosaccharide biosynthetic process,0
GO:0070291,10,N-acylethanolamine metabolic process,biological_process,,,3280,6,lysine import,0
GO:1905198,10,manchette assembly,biological_process,,,3374,6,negative regulation of protein localization to plasma membrane,0
GO:0002842,7,positive regulation of T cell mediated immune response to tumor cell,biological_process,,,4171,7,MHC class II protein complex,0
GO:0009086,7,methionine biosynthetic process,biological_process,,,4151,7,methionine biosynthetic process,1
GO:0009888,8,tissue development,biological_process,,,3806,7,tissue development,1
GO:0038160,8,CXCL12-activated CXCR4 signaling pathway,biological_process,,,3876,7,protein dimerization activity,0
GO:0033490,8,cholesterol biosynthetic process via lathosterol,biological_process,,,4068,7,two-component response regulator activity,0
GO:2000144,8,positive regulation of DNA-templated transcription initiation,biological_process,,,4043,7,regulation of cell migration,0
GO:0036035,8,osteoclast development,biological_process,,,3949,7,regulation of metabolic process,0
GO:2001259,8,positive regulation of cation channel activity,biological_process,,,3800,7,negative regulation of cell migration,0
GO:0044351,8,macropinocytosis,biological_process,,,4087,7,macromolecular complex remodeling,0
GO:0032532,7,regulation of microvillus length,biological_process,,,4120,7,mitochondrial transcription,0
GO:0051132,7,NK T cell activation,biological_process,,,4345,8,regulation of cellular component organization,0
GO:0043489,6,RNA stabilization,biological_process,,,4712,8,amino acid biosynthetic process,0
GO:0007435,7,salivary gland morphogenesis,biological_process,,,4472,8,salivary gland development,0
GO:0060372,6,regulation of atrial cardiac muscle cell membrane repolarization,biological_process,,,4892,8,regulation of type B pancreatic cell proliferation,0
GO:0045836,6,positive regulation of meiotic nuclear division,biological_process,,,4876,8,negative regulation of mitotic cell cycle,0
GO:0033603,6,positive regulation of dopamine secretion,biological_process,,,4585,8,niacin biosynthetic process,0
GO:0043217,6,myelin maintenance,biological_process,,,4801,8,biopolymer metabolic process,0
GO:0061041,7,regulation of wound healing,biological_process,,,4469,8,positive regulation of cell adhesion mediated by integrin,0
GO:0060129,6,thyroid-stimulating hormone-secreting cell differentiation,biological_process,,,4603,8,negative regulation of cell migration,0
GO:0046881,6,positive regulation of follicle-stimulating hormone secretion,biological_process,,,4654,8,regulation of cell proliferation,0
GO:0031401,6,positive regulation of protein modification process,biological_process,,,5007,9,cytoplasmic translation,0
GO:0014827,5,intestine smooth muscle contraction,biological_process,,,5114,9,neurotransmitter:neurotransmitter receptor interaction,0
GO:0090625,5,siRNA-mediated gene silencing by mRNA destabilization,biological_process,,,5256,9,protein modification by small protein conjugation or removal,0
GO:0033081,6,regulation of T cell differentiation in thymus,biological_process,,,4986,9,regulation of protein localization,0
GO:0035112,5,genitalia morphogenesis,biological_process,,,5065,9,embryonic cleavage,0
GO:0009450,5,gamma-aminobutyric acid catabolic process,biological_process,,,5357,9,gamma-tubulin complex localization,0
GO:0043587,5,tongue morphogenesis,biological_process,,,5384,9,G-protein coupled receptor protein signaling pathway,0
GO:0006249,6,dCMP catabolic process,biological_process,,,4991,9,"DNA replication, synthesis of RNA primer",0
GO:0072189,6,ureter development,biological_process,,,4943,9,transmembrane receptor protein tyrosine kinase signaling pathway,0
GO:0072656,5,maintenance of protein location in mitochondrion,biological_process,,,5061,9,nucleosome disassembly,0
GO:0045003,4,double-strand break repair via synthesis-dependent strand annealing,biological_process,,,6010,10,multi-organism cellular process,0
GO:0033153,4,T cell receptor V(D)J recombination,biological_process,,,6072,10,regulation of RNA metabolic process,0
GO:0002313,4,mature B cell differentiation involved in immune response,biological_process,,,5714,10,L-lysine biosynthetic process via diaminopimelate,0
GO:0002074,4,extraocular skeletal muscle development,biological_process,,,6079,10,adherens junction,0
GO:0006386,4,termination of RNA polymerase III transcription,biological_process,,,5988,10,transcription from RNA polymerase II promoter,0
GO:0032507,5,maintenance of protein location in cell,biological_process,,,5549,10,maintenance of protein location,0
GO:0010694,4,positive regulation of alkaline phosphatase activity,biological_process,,,6116,10,negative regulation of protein kinase activity,0
GO:1901533,4,negative regulation of hematopoietic progenitor cell differentiation,biological_process,,,5852,10,regulation of cellular response to stress,0
GO:0008088,5,axo-dendritic transport,biological_process,,,5590,10,axon guidance,0
GO:0032348,4,negative regulation of aldosterone biosynthetic process,biological_process,,,5822,10,regulation of protein import into nucleus,0
GO:0060421,4,positive regulation of heart growth,biological_process,,,6345,11,axon extension involved in axon guidance,0
GO:1903843,3,cellular response to arsenite ion,biological_process,,,6676,11,positive regulation of cellular response to DNA damage stimulus,0
GO:0003192,3,mitral valve formation,biological_process,,,6596,11,erythrocyte development,0
GO:0031952,4,regulation of protein autophosphorylation,biological_process,,,6269,11,regulation of protein kinase activity,0
GO:0035434,4,copper ion transmembrane transport,biological_process,,,6177,11,cellular bud formation,0
GO:0071635,4,negative regulation of transforming growth factor beta production,biological_process,,,6416,11,cellular response to drug,0
GO:0060541,4,respiratory system development,biological_process,,,6159,11,response to insulin,0
GO:0060741,3,prostate gland stromal morphogenesis,biological_process,,,6622,11,regulation of cell cycle process,0
GO:1905049,4,negative regulation of metallopeptidase activity,biological_process,,,6582,11,response to lipopolysaccharide,0
GO:1905165,4,regulation of lysosomal protein catabolic process,biological_process,,,6370,11,regulation of protein localization to plasma membrane,0
GO:2001287,3,negative regulation of caveolin-mediated endocytosis,biological_process,,,7064,12,negative regulation of cell migration,0
GO:0030910,3,olfactory placode formation,biological_process,,,7171,12,ciliary basal body,0
GO:0044375,3,regulation of peroxisome size,biological_process,,,7192,12,motile cell,0
GO:0034767,3,positive regulation of monoatomic ion transmembrane transport,biological_process,,,7356,12,single-stranded RNA binding,0
GO:0010909,3,positive regulation of heparan sulfate proteoglycan biosynthetic process,biological_process,,,6840,12,regulation of transcription,0
GO:0021903,3,rostrocaudal neural tube patterning,biological_process,,,7207,12,mitotic cell cycle,0
GO:0097155,3,fasciculation of sensory neuron axon,biological_process,,,6846,12,mitochondrial outer membrane permeabilization,0
GO:0016476,3,regulation of embryonic cell shape,biological_process,,,7260,12,protein dephosphorylation,0
GO:2000807,3,regulation of synaptic vesicle clustering,biological_process,,,7352,12,regulation of cellular response to stimulus,0
GO:0032412,3,regulation of monoatomic ion transmembrane transporter activity,biological_process,,,7326,12,reproductive process in a multicellular organism,0
GO:0071349,2,cellular response to interleukin-12,biological_process,,,7854,13,cellular response to nitrogen compound,0
GO:0150064,3,vertebrate eye-specific patterning,biological_process,,,7664,13,regulation of cell projection size,0
GO:1900625,3,positive regulation of monocyte aggregation,biological_process,,,7556,13,positive regulation of protein complex assembly,0
GO:0097111,2,endoplasmic reticulum-Golgi intermediate compartment organization,biological_process,,,7822,13,cellular response to toxic substance,0
GO:1905273,2,"positive regulation of proton-transporting ATP synthase activity, rotational mechanism",biological_process,,,7862,13,negative regulation of protein localization to plasma membrane,0
GO:0033685,3,negative regulation of luteinizing hormone secretion,biological_process,,,7707,13,nucleosome disassembly,0
GO:0009386,2,translational attenuation,biological_process,,,7938,13,"regulation of transcription, DNA-templated",0
GO:0014878,3,response to electrical stimulus involved in regulation of muscle adaptation,biological_process,,,7586,13,steroid hormone receptor activity,0
GO:0072237,3,metanephric proximal tubule development,biological_process,,,7447,13,cellular response to molecule of bacterial origin,0
GO:0005990,3,lactose catabolic process,biological_process,,,7533,13,fatty acid beta-oxidation,0
GO:0071955,2,recycling endosome to Golgi transport,biological_process,,,8529,14,response to X-ray,0
GO:0046373,2,L-arabinose metabolic process,biological_process,,,8500,14,one-carbon metabolic process,0
GO:0106047,2,polyamine deacetylation,biological_process,,,8563,14,None,0
GO:0048840,2,otolith development,biological_process,,,8213,14,embryonic skeletal system development,0
GO:1901207,2,regulation of heart looping,biological_process,,,8443,14,regulation of cellular response to stress,0
GO:0071846,2,actin filament debranching,biological_process,,,8357,14,cellular response to zinc ion,0
GO:0035622,2,intrahepatic bile duct development,biological_process,,,8156,14,intracellular protein transport,0
GO:0072161,2,mesenchymal cell differentiation involved in kidney development,biological_process,,,8487,14,DNA 3'-end processing,0
GO:0046010,2,"positive regulation of circadian sleep/wake cycle, non-REM sleep",biological_process,,,8191,14,positive regulation of transcription from RNA polymerase II promoter,0
GO:1902170,2,cellular response to reactive nitrogen species,biological_process,,,8036,14,response to potassium ion,0
GO:0051946,2,regulation of glutamate uptake involved in transmission of nerve impulse,biological_process,,,8963,15,cellular hypotonic response,0
GO:0060420,2,regulation of heart growth,biological_process,,,9142,15,response to UV-C,0
GO:1901594,2,response to capsazepine,biological_process,,,8637,15,cellular response to estradiol stimulus,0
GO:1902858,2,propionyl-CoA metabolic process,biological_process,,,8919,15,positive regulation of protein localization to plasma membrane,0
GO:0034331,2,cell junction maintenance,biological_process,,,9057,15,allorecognition,0
GO:1901077,2,regulation of relaxation of muscle,biological_process,,,8938,15,negative regulation of protein localization to plasma membrane,0
GO:0018171,2,peptidyl-cysteine oxidation,biological_process,,,9218,15,O-antigen biosynthesis,0
GO:0070781,2,response to biotin,biological_process,,,8847,15,L-lysine import,0
GO:0060313,2,negative regulation of blood vessel remodeling,biological_process,,,8756,15,regulation of cell migration,0
GO:0032056,2,positive regulation of translation in response to stress,biological_process,,,8916,15,negative regulation of epidermal cell differentiation,0
GO:0042748,1,"circadian sleep/wake cycle, non-REM sleep",biological_process,,,9727,16,hydrogen peroxide catabolic process,0
GO:0045720,2,negative regulation of integrin biosynthetic process,biological_process,,,9420,16,positive regulation of translation,0
GO:1904777,1,negative regulation of protein localization to cell cortex,biological_process,,,9608,16,regulation of cellular response to stress,0
GO:1902367,1,negative regulation of Notch signaling pathway involved in somitogenesis,biological_process,,,9577,16,response to insulin-like growth factor stimulus,0
GO:0060529,2,squamous basal epithelial stem cell differentiation involved in prostate gland acinus development,biological_process,,,9285,16,regulation of cell cycle process,0
GO:0072268,1,pattern specification involved in metanephros development,biological_process,,,9679,16,cellular response to insulin stimulus,0
GO:0006392,1,transcription elongation by mitochondrial RNA polymerase,biological_process,,,9732,16,mRNA splicing via spliceosome,0
GO:0060431,1,primary lung bud formation,biological_process,,,9637,16,epithelial cell proliferation involved in salivary gland morphogenesis,0
GO:1901003,1,negative regulation of fermentation,biological_process,,,9769,16,response to lipopolysaccharide,0
GO:0070130,1,negative regulation of mitochondrial translation,biological_process,,,9702,16,cellular response to light stimulus,0
GO:1900151,1,"regulation of nuclear-transcribed mRNA catabolic process, deadenylation-dependent decay",biological_process,,,10038,17,regulation of protein localization to plasma membrane,0
GO:0035788,1,cell migration involved in metanephros development,biological_process,,,10103,17,intracellular signal transduction,0
GO:0061974,1,perichondral bone morphogenesis,biological_process,,,10136,17,regulation of plasma membrane bounded cell projection organization,0
GO:0033215,1,reductive iron assimilation,biological_process,,,10061,17,regulation of granulocyte colony-stimulating factor production,0
GO:0045344,1,negative regulation of MHC class I biosynthetic process,biological_process,,,10144,17,atrophic process,0
GO:0008617,1,guanosine metabolic process,biological_process,,,10201,17,DNA unwinding involved in DNA replication,0
GO:0097298,1,regulation of nucleus size,biological_process,,,10043,17,response to nutrient,0
GO:0106056,1,regulation of calcineurin-mediated signaling,biological_process,,,10251,17,None,0
GO:0071585,1,detoxification of cadmium ion,biological_process,,,10284,17,cellular response to thiol-containing compound,0
GO:1905457,1,negative regulation of lymphoid progenitor cell differentiation,biological_process,,,10070,17,negative regulation of protein localization to plasma membrane,0
GO:0021793,1,chemorepulsion of branchiomotor axon,biological_process,,,10899,18,axon guidance,0
GO:0002696,1,positive regulation of leukocyte activation,biological_process,,,10507,18,positive regulation of leukocyte activation,1
GO:0035238,1,vitamin A biosynthetic process,biological_process,,,10840,18,protein modification by small protein conjugation or removal,0
GO:0031947,1,negative regulation of glucocorticoid biosynthetic process,biological_process,,,11030,18,filopodium,0
GO:0046490,1,isopentenyl diphosphate metabolic process,biological_process,,,10576,18,tRNA wobble base modification,0
GO:0034355,1,NAD salvage,biological_process,,,10540,18,mitochondrial respiratory chain complex assembly,0
GO:2000984,1,negative regulation of ATP citrate synthase activity,biological_process,,,10775,18,regulation of cellular response to vascular endothelial growth factor stimulus,0
GO:0045091,1,regulation of single stranded viral RNA replication via double stranded DNA intermediate,biological_process,,,10972,18,regulation of DNA recombination,0
GO:1903709,1,uterine gland development,biological_process,,,10757,18,regulation of protein localization to plasma membrane,0
GO:0046381,1,CMP-N-acetylneuraminate metabolic process,biological_process,,,10535,18,one-carbon metabolic process,0
GO:1902659,1,regulation of glucose mediated signaling pathway,biological_process,,,11170,19,regulation of RNA biosynthetic process,0
GO:1902915,1,negative regulation of protein polyubiquitination,biological_process,,,11386,19,positive regulation of protein targeting to mitochondrion,0
GO:0051261,1,protein depolymerization,biological_process,,,11534,19,protein depolymerization,1
GO:0050433,1,regulation of catecholamine secretion,biological_process,,,11415,19,negative regulation of protein dephosphorylation,0
GO:0072158,1,proximal tubule morphogenesis,biological_process,,,11557,19,response to metal ion,0
GO:1903564,1,regulation of protein localization to cilium,biological_process,,,11371,19,negative regulation of protein complex assembly,0
GO:0018063,1,cytochrome c-heme linkage,biological_process,,,11630,19,peptidyl-lysine modification,0
GO:0072340,1,lactam catabolic process,biological_process,,,11156,19,response to estradiol,0
GO:0098759,1,cellular response to interleukin-8,biological_process,,,11148,19,mitochondrial outer membrane permeabilization,0
GO:0090074,1,negative regulation of protein homodimerization activity,biological_process,,,11173,19,regulation of cell migration,0
GO:0061360,1,optic chiasma development,biological_process,,,11795,20,regulation of type B pancreatic cell development,0
GO:1904255,1,negative regulation of iron ion transmembrane transporter activity,biological_process,,,11924,20,negative regulation of protein localization to plasma membrane,0
GO:1903318,1,negative regulation of protein maturation,biological_process,,,12263,20,response to insulin-like growth factor stimulus,0
GO:0072663,1,establishment of protein localization to peroxisome,biological_process,,,12143,20,cellular response to interleukin-1,0
GO:1904570,1,negative regulation of selenocysteine incorporation,biological_process,,,12147,20,positive regulation of protein targeting to mitochondrion,0
GO:1901293,1,nucleoside phosphate biosynthetic process,biological_process,,,12028,20,nucleic acid binding,0
GO:0050792,1,regulation of viral process,biological_process,,,11907,20,regulation of cellular process,0
GO:0061103,1,carotid body glomus cell differentiation,biological_process,,,11782,20,cellular response to temperature stimulus,0
GO:0007387,1,anterior compartment pattern formation,biological_process,,,12140,20,pattern specification process,0
GO:2001262,1,positive regulation of semaphorin-plexin signaling pathway,biological_process,,,11878,20,regulation of cellular response to stress,0
GO:0038187,82,pattern recognition receptor activity,molecular_function,,,165,1,cellular response to DNA damage stimulus,0
GO:0051082,151,unfolded protein binding,molecular_function,,,95,1,unfolded protein binding,1
GO:0004386,59,helicase activity,molecular_function,,,224,1,helix-turn-helix transcription factor binding,0
GO:0008137,83,NADH dehydrogenase (ubiquinone) activity,molecular_function,,,163,1,NAD+ binding,0
GO:0015459,96,potassium channel regulator activity,molecular_function,,,141,1,potassium channel regulator activity,1
GO:0019789,79,SUMO transferase activity,molecular_function,,,172,1,ubiquinone biosynthetic process,0
GO:0017080,60,sodium channel regulator activity,molecular_function,,,218,1,positive regulation of cell growth,0
GO:1990404,60,NAD+-protein ADP-ribosyltransferase activity,molecular_function,,,223,1,positive regulation of cellular glucuronidation,0
GO:0005109,87,frizzled binding,molecular_function,,,153,1,receptor binding,0
GO:0030374,77,nuclear receptor coactivator activity,molecular_function,,,179,1,nucleic acid binding,0
GO:0070840,38,dynein complex binding,molecular_function,,,381,2,response to growth factor,0
GO:0004679,36,AMP-activated protein kinase activity,molecular_function,,,403,2,protein serine/threonine kinase activity,0
GO:0005388,42,P-type calcium transporter activity,molecular_function,,,344,2,calcium channel activity,0
GO:0032977,37,membrane insertase activity,molecular_function,,,394,2,protein localization to endoplasmic reticulum,0
GO:0050750,43,low-density lipoprotein particle receptor binding,molecular_function,,,329,2,low-density lipoprotein receptor activity,0
GO:0008253,35,5'-nucleotidase activity,molecular_function,,,404,2,adenylate cyclase activity,0
GO:0033192,31,calmodulin-dependent protein phosphatase activity,molecular_function,,,461,2,response to molecule of bacterial origin,0
GO:0035613,33,RNA stem-loop binding,molecular_function,,,428,2,Wnt-activated receptor activity,0
GO:0017128,40,phospholipid scramblase activity,molecular_function,,,357,2,lactation,0
GO:0048019,32,receptor antagonist activity,molecular_function,,,443,2,phospholipid binding,0
GO:0030297,30,transmembrane receptor protein tyrosine kinase activator activity,molecular_function,,,484,3,transmembrane receptor protein tyrosine kinase signaling pathway,0
GO:0140036,22,ubiquitin-modified protein reader activity,molecular_function,,,653,3,regulation of cellular response to stress,0
GO:0005021,24,vascular endothelial growth factor receptor activity,molecular_function,,,620,3,vasopressin receptor activity,0
GO:0005161,28,platelet-derived growth factor receptor binding,molecular_function,,,529,3,extracellular matrix structural constituent,0
GO:0008467,24,[heparan sulfate]-glucosamine 3-sulfotransferase 1 activity,molecular_function,,,600,3,protein dimerization activity,0
GO:0015269,22,calcium-activated potassium channel activity,molecular_function,,,667,3,channel activity,0
GO:0004905,28,type I interferon receptor activity,molecular_function,,,532,3,transmembrane receptor activity,0
GO:0051011,23,microtubule minus-end binding,molecular_function,,,644,3,microtubule binding,0
GO:0010181,22,FMN binding,molecular_function,,,664,3,response to far red light,0
GO:0017111,27,ribonucleoside triphosphate phosphatase activity,molecular_function,,,556,3,nucleoside-triphosphatase regulator activity,0
GO:0031957,17,very long-chain fatty acid-CoA ligase activity,molecular_function,,,818,4,peroxisomal transport,0
GO:0003747,16,translation release factor activity,molecular_function,,,881,4,translation elongation factor activity,0
GO:0140313,18,molecular sequestering activity,molecular_function,,,788,4,regulation of protein localization,0
GO:0045504,20,dynein heavy chain binding,molecular_function,,,711,4,interleukin-1 receptor activity,0
GO:0017136,16,NAD-dependent histone deacetylase activity,molecular_function,,,876,4,Purinergic nucleotide receptor activity,0
GO:0045294,19,alpha-catenin binding,molecular_function,,,746,4,gamma-tubulin complex localization,0
GO:0015232,16,heme transmembrane transporter activity,molecular_function,,,863,4,cotransporter activity,0
GO:0008757,19,S-adenosylmethionine-dependent methyltransferase activity,molecular_function,,,763,4,S-adenosylmethionine synthetase activity,0
GO:0005001,18,transmembrane receptor protein tyrosine phosphatase activity,molecular_function,,,796,4,transmembrane receptor protein tyrosine kinase signaling pathway,0
GO:0004385,15,guanylate kinase activity,molecular_function,,,921,4,helix-turn-helix DNA-binding,0
GO:0036312,14,phosphatidylinositol 3-kinase regulatory subunit binding,molecular_function,,,951,5,response to DNA damage stimulus,0
GO:0170011,12,stalled ribosome sensor activity,molecular_function,,,1100,5,response to interleukin-1,0
GO:0001164,14,RNA polymerase I core promoter sequence-specific DNA binding,molecular_function,,,945,5,RNA polymerase II transcriptional preinitiation complex assembly,0
GO:0005095,14,GTPase inhibitor activity,molecular_function,,,962,5,Rho GTPase activator activity,0
GO:0072572,12,poly-ADP-D-ribose binding,molecular_function,,,1085,5,autophagic cell death,0
GO:0072542,14,protein phosphatase activator activity,molecular_function,,,996,5,response to anoxia,0
GO:0032453,12,histone H3K4 demethylase activity,molecular_function,,,1069,5,reproductive process in a multicellular organism,0
GO:0008378,15,galactosyltransferase activity,molecular_function,,,930,5,DNA 3'-phosphatase activity,0
GO:0048101,12,"calmodulin-activated 3',5'-cyclic-GMP phosphodiesterase activity",molecular_function,,,1093,5,protein localization to synapse,0
GO:0009378,13,four-way junction helicase activity,molecular_function,,,1016,5,methylation,0
GO:0004740,10,pyruvate dehydrogenase (acetyl-transferring) kinase activity,molecular_function,,,1309,6,pyruvate kinase activity,0
GO:1990757,10,ubiquitin ligase activator activity,molecular_function,,,1259,6,regulation of cellular response to hypoxia,0
GO:0042296,9,ISG15 transferase activity,molecular_function,,,1331,6,nucleosome assembly,0
GO:0004357,9,glutamate-cysteine ligase activity,molecular_function,,,1386,6,glutaminyl-peptidase activity,0
GO:0047023,11,androsterone dehydrogenase activity,molecular_function,,,1215,6,phospholipase activity,0
GO:0043177,9,organic acid binding,molecular_function,,,1382,6,organogenesis,0
GO:0043530,11,adenosine 5'-monophosphoramidase activity,molecular_function,,,1181,6,protein modification by small protein conjugation or removal,0
GO:0032813,9,tumor necrosis factor receptor superfamily binding,molecular_function,,,1380,6,protein modification by small protein conjugation or removal,0
GO:0099589,11,serotonin receptor activity,molecular_function,,,1228,6,regulation of protein localization,0
GO:0003846,10,2-acylglycerol O-acyltransferase activity,molecular_function,,,1264,6,1-phosphatidylinositol-3-phosphate 5-kinase activity,0
GO:0004373,8,glycogen (starch) synthase activity,molecular_function,,,1564,7,protein kinase activity,0
GO:0000179,8,"rRNA (adenine-N6,N6-)-dimethyltransferase activity",molecular_function,,,1556,7,rRNA (adenine-N6-)-methyltransferase activity,0
GO:0004165,8,delta(3)-delta(2)-enoyl-CoA isomerase activity,molecular_function,,,1430,7,dipeptidyl-peptidase activity,0
GO:0140932,8,5'-(N(7)-methyl 5'-triphosphoguanosine)-[mRNA] diphosphatase activity,molecular_function,,,1453,7,response to toxic substance,0
GO:0004875,8,complement receptor activity,molecular_function,,,1523,7,protein kinase activity,0
GO:0016747,8,"acyltransferase activity, transferring groups other than amino-acyl groups",molecular_function,,,1514,7,transferase activity,0
GO:0015311,8,monoamine:proton antiporter activity,molecular_function,,,1479,7,toxin transport,0
GO:0017050,8,D-erythro-sphingosine kinase activity,molecular_function,,,1427,7,glucocorticoid receptor binding,0
GO:0004331,8,"fructose-2,6-bisphosphate 2-phosphatase activity",molecular_function,,,1528,7,fructose-bisphosphate aldolase activity,0
GO:0050436,8,microfibril binding,molecular_function,,,1540,7,transmembrane signaling receptor activity,0
GO:0097643,7,amylin receptor activity,molecular_function,,,1632,8,response to food,0
GO:0140750,6,nucleosome array spacer activity,molecular_function,,,1766,8,cellular response to low oxygen levels,0
GO:0034604,7,pyruvate dehydrogenase (NAD+) activity,molecular_function,,,1678,8,ATPase regulator activity,0
GO:1902945,6,metalloendopeptidase activity involved in amyloid precursor protein catabolic process,molecular_function,,,1838,8,regulation of protein complex localization,0
GO:0031702,6,type 1 angiotensin receptor binding,molecular_function,,,1828,8,response to oxygen levels,0
GO:0140947,7,histone H3K9me2 methyltransferase activity,molecular_function,,,1718,8,cellular response to DNA damage stimulus,0
GO:0048403,6,brain-derived neurotrophic factor binding,molecular_function,,,1802,8,embryonic morphogenesis,0
GO:0038085,7,vascular endothelial growth factor binding,molecular_function,,,1679,8,protein serine/threonine kinase activator activity,0
GO:0032137,7,guanine/thymine mispair binding,molecular_function,,,1726,8,filopodium formation,0
GO:0042171,7,lysophosphatidic acid acyltransferase activity,molecular_function,,,1747,8,regulation of cellular metabolic process,0
GO:0004719,6,protein-L-isoaspartate (D-aspartate) O-methyltransferase activity,molecular_function,,,1881,9,protein tyrosine kinase activity,0
GO:0035173,6,histone kinase activity,molecular_function,,,1919,9,histone modification,0
GO:0050080,6,malonyl-CoA decarboxylase activity,molecular_function,,,1974,9,regulation of cell growth,0
GO:0141038,6,phosphatidylinositol 3-kinase activator activity,molecular_function,,,1872,9,cellular response to interleukin-1,0
GO:0016423,6,tRNA (guanine) methyltransferase activity,molecular_function,,,1902,9,protein modification by small protein conjugation or removal,0
GO:0019834,5,phospholipase A2 inhibitor activity,molecular_function,,,2065,9,terpene metabolic process,0
GO:0140344,5,triglyceride transfer activity,molecular_function,,,2017,9,regulation of fatty acid beta-oxidation,0
GO:0003990,6,acetylcholinesterase activity,molecular_function,,,1874,9,farnesyltranstransferase activity,0
GO:0017020,6,myosin phosphatase regulator activity,molecular_function,,,1857,9,myosin binding,0
GO:1990239,6,steroid hormone binding,molecular_function,,,1900,9,regulation of cellular response to stimulus,0
GO:0004827,5,proline-tRNA ligase activity,molecular_function,,,2257,10,keratin filament formation,0
GO:0009374,5,biotin binding,molecular_function,,,2274,10,glycogen biosynthetic process,0
GO:1902098,5,calcitriol binding,molecular_function,,,2143,10,negative regulation of transcription from RNA polymerase II promoter,0
GO:0019158,5,mannokinase activity,molecular_function,,,2280,10,porphyrin biosynthetic process,0
GO:0052901,5,spermine:oxygen oxidoreductase (spermidine-forming) activity,molecular_function,,,2244,10,detection of stimulus,0
GO:1990760,5,osmolarity-sensing monoatomic cation channel activity,molecular_function,,,2085,10,regulation of cellular response to stimulus,0
GO:0035877,5,death effector domain binding,molecular_function,,,2288,10,RNA polymerase II transcription preinitiation complex assembly,0
GO:0030545,5,signaling receptor regulator activity,molecular_function,,,2197,10,histone modification,0
GO:0033823,5,procollagen glucosyltransferase activity,molecular_function,,,2099,10,vesicle-mediated transport,0
GO:0030235,5,nitric-oxide synthase regulator activity,molecular_function,,,2186,10,endocytic vesicle formation,0
GO:0140936,4,histone H2B deubiquitinase activity,molecular_function,,,2382,11,regulation of cellular response to stress,0
GO:0000295,4,adenine nucleotide transmembrane transporter activity,molecular_function,,,2500,11,protein-lipid complex,0
GO:0019981,4,interleukin-6 binding,molecular_function,,,2469,11,microtubule binding,0
GO:0004991,4,parathyroid hormone receptor activity,molecular_function,,,2354,11,steroid hormone receptor activity,0
GO:0000825,4,inositol tetrakisphosphate 6-kinase activity,molecular_function,,,2320,11,mitotic cell cycle,0
GO:0004772,4,sterol O-acyltransferase activity,molecular_function,,,2409,11,prolyl hydroxylase activity,0
GO:0015149,4,hexose transmembrane transporter activity,molecular_function,,,2314,11,urea transmembrane transporter activity,0
GO:0000250,4,lanosterol synthase activity,molecular_function,,,2484,11,lipoic acid metabolic process,0
GO:0070699,4,type II activin receptor binding,molecular_function,,,2466,11,nucleic acid binding,0
GO:0052836,4,inositol 5-diphosphate pentakisphosphate 5-kinase activity,molecular_function,,,2389,11,vesicle targeting,0
GO:1990448,3,exon-exon junction complex binding,molecular_function,,,2652,12,regulation of cellular response to stress,0
GO:0001096,3,TFIIF-class transcription factor complex binding,molecular_function,,,2769,12,regulation of transcription from RNA polymerase II promoter,0
GO:0031073,3,cholesterol 26-hydroxylase activity,molecular_function,,,2693,12,vesicle organization,0
GO:0047946,3,glutamine N-acyltransferase activity,molecular_function,,,2759,12,muscle cell development,0
GO:0046538,4,"2,3-bisphosphoglycerate-dependent phosphoglycerate mutase activity",molecular_function,,,2568,12,1-aminocyclopropane-1-carboxylate synthase activity,0
GO:0044017,3,histone H3K27 acetyltransferase activity,molecular_function,,,2700,12,single strand break repair,0
GO:0106006,4,cytoskeletal protein-membrane anchor activity,molecular_function,,,2571,12,None,0
GO:0005461,3,UDP-glucuronic acid transmembrane transporter activity,molecular_function,,,2719,12,guanylate cyclase activity,0
GO:0047611,3,acetylspermidine deacetylase activity,molecular_function,,,2761,12,lysine biosynthetic process via diaminopimelate,0
GO:0016432,3,tRNA-uridine aminocarboxypropyltransferase activity,molecular_function,,,2746,12,protein transport,0
GO:0004510,3,tryptophan 5-monooxygenase activity,molecular_function,,,2944,13,endonuclease activity,0
GO:0050484,3,GMP 5'-nucleotidase activity,molecular_function,,,2878,13,neuromuscular junction development,0
GO:0141089,3,glucose sensor activity,molecular_function,,,2837,13,regulation of cell cycle process,0
GO:0048256,3,flap endonuclease activity,molecular_function,,,2931,13,organelle inheritance,0
GO:0070990,3,snRNP binding,molecular_function,,,2945,13,protein kinase regulator activity,0
GO:0005228,3,intracellular sodium-activated potassium channel activity,molecular_function,,,2895,13,ion channel activity,0
GO:0016830,3,carbon-carbon lyase activity,molecular_function,,,2971,13,carboxy-lyase activity,0
GO:0019768,3,high-affinity IgE receptor activity,molecular_function,,,2849,13,glucosinolate biosynthetic process,0
GO:0031696,3,alpha-2C adrenergic receptor binding,molecular_function,,,2797,13,cellular response to nitrogen starvation,0
GO:0090433,3,palmitoyl-CoA ligase activity,molecular_function,,,2829,13,regulation of microtubule-based process,0
GO:0150043,2,structural constituent of synapse-associated extracellular matrix,molecular_function,,,3198,14,positive regulation of cellular component organization,0
GO:0098847,2,sequence-specific single stranded DNA binding,molecular_function,,,3192,14,cellular response to DNA damage stimulus,0
GO:0047256,2,"lactosylceramide 1,3-N-acetyl-beta-D-glucosaminyltransferase activity",molecular_function,,,3234,14,cytoskeletal anchoring,0
GO:0106137,3,IkappaB kinase complex binding,molecular_function,,,3084,14,None,0
GO:0047224,2,"acetylgalactosaminyl-O-glycosyl-glycoprotein beta-1,3-N-acetylglucosaminyltransferase activity",molecular_function,,,3165,14,iron-sulfur cluster binding,0
GO:0008469,3,histone arginine N-methyltransferase activity,molecular_function,,,3137,14,helicase activity,0
GO:0106335,3,tRNA (5-carboxymethyluridine(34)-5-O)-methyltransferase activity,molecular_function,,,3061,14,regulation of RNA biosynthetic process,0
GO:0052630,2,UDP-N-acetylgalactosamine diphosphorylase activity,molecular_function,,,3182,14,plasma membrane receptor complex,0
GO:0052655,3,L-valine transaminase activity,molecular_function,,,3076,14,meiotic cell cycle,0
GO:0004512,3,inositol-3-phosphate synthase activity,molecular_function,,,3018,14,endonuclease activity,0
GO:0047349,2,D-ribitol-5-phosphate cytidylyltransferase activity,molecular_function,,,3360,15,allelic exclusion,0
GO:1990583,2,phospholipase D activator activity,molecular_function,,,3430,15,regulation of cellular response to stress,0
GO:1990698,2,palmitoleoyltransferase activity,molecular_function,,,3244,15,regulation of cellular response to stress,0
GO:0044016,2,histone H3K4 acetyltransferase activity,molecular_function,,,3345,15,anion channel activity,0
GO:0004979,2,beta-endorphin receptor activity,molecular_function,,,3398,15,calcium channel activity,0
GO:0003963,2,RNA-3'-phosphate cyclase activity,molecular_function,,,3356,15,histidinol dehydrogenase activity,0
GO:0004729,2,oxygen-dependent protoporphyrinogen oxidase activity,molecular_function,,,3412,15,lyase activity,0
GO:0052848,2,"inositol-3,5-bisdiphosphate-2,3,4,6-tetrakisphosphate 5-diphosphatase activity",molecular_function,,,3320,15,cellular modified amino acid transport,0
GO:0070773,2,protein-N-terminal glutamine amidohydrolase activity,molecular_function,,,3289,15,protein localization to peroxisome,0
GO:0052814,2,medium-chain fatty aldehyde dehydrogenase (NAD+) activity,molecular_function,,,3346,15,transmembrane receptor protein tyrosine kinase signaling pathway,0
GO:0001641,2,group II metabotropic glutamate receptor activity,molecular_function,,,3645,16,voltage-gated potassium channel activity,0
GO:0004339,2,"glucan 1,4-alpha-glucosidase activity",molecular_function,,,3536,16,fucosyltransferase activity,0
GO:0002114,2,interleukin-33 receptor activity,molecular_function,,,3607,16,determination of left/right symmetry,0
GO:0071855,2,neuropeptide receptor binding,molecular_function,,,3595,16,mitochondrial ATP synthesis coupled electron transport,0
GO:0003877,2,ATP:ADP adenylyltransferase activity,molecular_function,,,3487,16,ATP-dependent DNA helicase activity,0
GO:0050251,2,retinol isomerase activity,molecular_function,,,3635,16,electron carrier activity,0
GO:0030626,2,U12 snRNA binding,molecular_function,,,3648,16,microtubule cytoskeleton organization,0
GO:0000009,2,"alpha-1,6-mannosyltransferase activity",molecular_function,,,3612,16,"alpha-1,6-mannosyltransferase activity",1
GO:0061799,2,cyclic pyranopterin monophosphate synthase activity,molecular_function,,,3683,16,regulation of peptidyl-tyrosine phosphorylation,0
GO:0043136,2,glycerol-3-phosphatase activity,molecular_function,,,3643,16,macromolecular complex subunit organization,0
GO:0004058,2,aromatic-L-amino-acid decarboxylase activity,molecular_function,,,3768,17,threonine-tRNA ligase activity,0
GO:0160102,1,tRNA (guanine(10)-N2)-methyltransferase activity,molecular_function,,,3792,17,response to insulin,0
GO:0102263,1,tRNA-dihydrouridine17 synthase activity,molecular_function,,,3808,17,None,0
GO:0016230,2,sphingomyelin phosphodiesterase activator activity,molecular_function,,,3776,17,macromolecular complex subunit organization,0
GO:0047378,1,acetylalkylglycerol acetylhydrolase activity,molecular_function,,,3806,17,positive regulation of ATPase activity,0
GO:0050337,1,thiosulfate-thiol sulfurtransferase activity,molecular_function,,,3825,17,regulation of cell migration,0
GO:0008750,2,proton-translocating NAD(P)+ transhydrogenase activity,molecular_function,,,3769,17,NADH dehydrogenase activity,0
GO:0042880,1,D-glucuronate transmembrane transporter activity,molecular_function,,,3924,17,actin binding,0
GO:0140580,1,mitochondrion autophagosome adaptor activity,molecular_function,,,3857,17,response to vitamin,0
GO:0003874,2,6-pyruvoyltetrahydropterin synthase activity,molecular_function,,,3780,17,ATP-dependent peptidase activity,0
GO:0005043,1,netrin receptor activity involved in chemorepulsion,molecular_function,,,4093,18,protein kinase activator activity,0
GO:0047058,1,vitamin-K-epoxide reductase (warfarin-insensitive) activity,molecular_function,,,3947,18,cell recognition,0
GO:0140483,1,kinetochore adaptor activity,molecular_function,,,4068,18,response to acid,0
GO:0047805,1,cytidylate cyclase activity,molecular_function,,,4136,18,detoxification,0
GO:0140893,1,"neutral amino acid, sodium:proton antiporter activity",molecular_function,,,3970,18,regulation of cell cycle,0
GO:0035381,1,ATP-gated ion channel activity,molecular_function,,,3959,18,guanylate cyclase activity,0
GO:1904854,1,proteasome core complex binding,molecular_function,,,4046,18,regulation of protein complex localization,0
GO:0005169,1,neurotrophin TRKB receptor binding,molecular_function,,,4113,18,extracellular matrix structural constituent,0
GO:0030290,1,sphingolipid activator protein activity,molecular_function,,,4036,18,organelle lumen,0
GO:0062037,1,D-loop DNA binding,molecular_function,,,3956,18,neutrophil migration,0
GO:1990856,1,methionyl-initiator methionine tRNA binding,molecular_function,,,4194,19,regulation of cellular response to stress,0
GO:0042947,1,glucoside transmembrane transporter activity,molecular_function,,,4276,19,movement of cell or subcellular component,0
GO:0003916,1,DNA topoisomerase activity,molecular_function,,,4329,19,"DNA topoisomerase type II (double strand cut, ATP-hydrolyzing) activity",0
GO:0141055,1,histone H3 ubiquitin ligase activity,molecular_function,,,4283,19,cellular response to acidic pH,0
GO:0015450,1,protein-transporting ATPase activity,molecular_function,,,4338,19,P-P-benzoyl-L-glutamate/L-glutamate ligase activity,0
GO:0030975,1,thiamine binding,molecular_function,,,4270,19,regulation of cellular component size,0
GO:0050135,1,NADP+ nucleosidase activity,molecular_function,,,4365,19,maintenance of protein location,0
GO:0035715,1,chemokine (C-C motif) ligand 2 binding,molecular_function,,,4191,19,protein localization to peroxisome,0
GO:0034590,1,L-hydroxyproline transmembrane transporter activity,molecular_function,,,4186,19,cellular response to stress,0
GO:0047995,1,hydroxyphenylpyruvate reductase activity,molecular_function,,,4195,19,neuromuscular process,0
GO:1990165,1,single-strand break-containing DNA binding,molecular_function,,,4432,20,regulation of cellular response to stress,0
GO:0102757,1,NADPH phosphatase activity,molecular_function,,,4480,20,None,0
GO:0034480,1,phosphatidylcholine phospholipase C activity,molecular_function,,,4608,20,tRNA modification,0
GO:0086038,1,calcium:sodium antiporter activity involved in regulation of cardiac muscle cell membrane potential,molecular_function,,,4564,20,cellular response to calcium ion,0
GO:0047536,1,2-aminoadipate transaminase activity,molecular_function,,,4558,20,DNA photorepair,0
GO:1990147,1,talin binding,molecular_function,,,4519,20,cellular response to DNA damage stimulus,0
GO:0060182,1,apelin receptor activity,molecular_function,,,4471,20,regulation of cell growth,0
GO:0031779,1,melanocortin receptor binding,molecular_function,,,4426,20,response to auxin,0
GO:0106237,1,arachidonate 12(R)-lipoxygenase activity,molecular_function,,,4628,20,None,0
GO:0004343,1,glucosamine 6-phosphate N-acetyltransferase activity,molecular_function,,,4461,20,tRNA (guanine-N7-)-methyltransferase activity,0
