go_id,go_annotations,go_term,Definitions,Parents,Aspect,go_id_pmc,go_term_pmc,normalized_term,normalized_id,go_match,bin
GO:0033593,1,BRCA2-MAGE-D1 complex,A heterodimeric protein complex formed of BRCA2 and MAGE-D1; may mediate the synergistic activities of the two proteins in regulating cell growth.,GO:0140535,cellular_component,1,0,no appropriate match,GO:0000000,0,1
GO:0060987,1,lipid tube,A macromolecular complex that contains a tube of lipid surrounded by a protein coat.,GO:0032994,cellular_component,1,218,no appropriate match,GO:0000000,0,1
GO:0097525,1,spliceosomal snRNP complex,A small ribonucleoprotein complex involved in formation of the spliceosome.,GO:0030532,cellular_component,10,7,spliceosomal snRNP complex,GO:0005681,0,1
GO:0099020,1,perinuclear endoplasmic reticulum lumen,The volume enclosed by the membranes of the perinuclear endoplasmic reticulum.,GO:0031974|GO:0097038|GO:0005788,cellular_component,1,1,perinuclear endoplasmic reticulum lumen,GO:1990578,0,1
GO:0099189,1,postsynaptic spectrin-associated cytoskeleton,The portion of the spectrin-associated cytoskeleton contained within the postsynapse.,GO:0014731|GO:0099571,cellular_component,1,0,postsynaptic spectrin-associated cytoskeleton,GO:0098978,0,1
GO:0034693,1,U11/U12 snRNP,A ribonucleoprotein complex that is formed by the association of the U11 and U12 small nuclear ribonucleoproteins.,GO:0097525,cellular_component,1,211,U11/U12 snRNP,GO:0071017,0,1
GO:0097462,1,Lewy neurite,"Elongated neuronal process, often with side branches and more than one branching point, described in brains of patients with Parkinson's disease. Lewy neurites stain positively for ubiquitin in brainstem and forebrain regions affected in Parkinson's disease.",GO:0043005,cellular_component,1,697,no appropriate match,GO:0000000,0,1
GO:0034708,1,methyltransferase complex,A protein complex that possesses methyltransferase activity.,GO:0005622|GO:1990234,cellular_component,18,6488,methyltransferase complex,GO:0005964,0,1
GO:0031332,1,RNAi effector complex,Any protein complex that mediates the effects of small interfering RNAs on gene expression. Most known examples contain one or more members of the Argonaute family of proteins.,GO:1990904,cellular_component,6,85,RNA-induced silencing complex,GO:0031332,1,1
GO:0031389,1,Rad17 RFC-like complex,"A pentameric protein complex related to replication factor C, which loads a trimeric complex of checkpoint proteins (known as the checkpoint clamp or 9-1-1 complex) onto DNA at damage sites; functions in DNA damage cell cycle checkpoints. In Schizosaccharomyces pombe the subunits are known as Rad17, Rfc2, Rfc3, Rfc4, and Rfc5, while in Saccharomyces cerevisiae the subunits are known as Rad24p, Rfc2p, Rfc3p, Rfc4p, and Rfc5p.",GO:0005694|GO:0032991,cellular_component,1,0,Rad17 RFC-like complex,GO:0031391,0,1
GO:0120234,1,stereocilium coat,A glycocalyx on the the endolymphatic surface of a cochlear hair cell that coats the external surface of each stereocilium and maintains a small distance between adjacent stereocilia in the bundle.,GO:0030112|GO:0032420,cellular_component,0,0,stereocilium coat,GO:0032420,0,2
GO:1990427,1,stereocilia tip-link density,An electron-dense plaque at either end of a stereocilia tip link that provides the anchor in the stereocilia membrane.,GO:0042995|GO:0002140|GO:0110165,cellular_component,0,0,no appropriate match,GO:0000000,0,2
GO:1990529,1,glycosylphosphatidylinositol-mannosyltransferase I complex,A protein complex that is involved in the transfer of the four mannoses in the GPI-anchor precursor. In yeast S. cerevisiae this complex consists of Pbn1p and Gpi14p and in rat this complex consists of PIG-X and PIG-M.,GO:0140534|GO:0031501,cellular_component,0,0,glycosylphosphatidylinositol-mannosyltransferase I complex,GO:0031204,0,2
GO:0031313,1,extrinsic component of endosome membrane,"The component of an endosome membrane consisting of gene products and protein complexes that are loosely bound to one of its surfaces, but not integrated into the hydrophobic region.",GO:0010008|GO:0019898|GO:0031312,cellular_component,0,0,extrinsic component of endosome membrane,GO:0031903,0,2
GO:0098595,1,perivitelline space,The space between the membrane of an oocyte and a surrounding membranous structure (zona pellucida or perivitelline membrane).,GO:0005576,cellular_component,1,2451,perivitelline space,GO:0048047,0,2
GO:0031592,1,centrosomal corona,"An amorphous structure surrounding the core of the centrosome, from which microtubules are nucleated; contains gamma-tubulin.|Note that the centrosomal corona has been observed in Dictyostelium, and is the functional equivalent of pericentriolar material.",GO:0005813|GO:0110165,cellular_component,2,14,centrosomal corona,GO:0032154,0,2
GO:0120337,1,radial spoke head 2,The portion of the radial spoke 2 that is orthogonal to the elongated stalk and which projects towards the central pair of microtubules within the ciliary axoneme.,GO:0120334|GO:0001535,cellular_component,0,0,radial spoke head 2,GO:0120199,0,2
GO:0035657,1,eRF1 methyltransferase complex,"A protein complex required for the methylation of a glutamine (Gln) residue in the protein release factor eRF1. In S. cerevisiae, this complex consists of at least Trm112p and Mtq2p.",GO:0034708,cellular_component,0,0,eRF1 methyltransferase complex,GO:0140492,0,2
GO:0030142,1,COPI-coated Golgi to ER transport vesicle,A vesicle that mediates transport from the Golgi to the endoplasmic reticulum.,GO:0030137|GO:0030133,cellular_component,0,0,COPI-coated Golgi to ER transport vesicle,GO:0030137,0,2
GO:0042568,1,insulin-like growth factor binary complex,"A complex of two proteins, which in animals is 50kDa and consists of the insulin-like growth factor (IGF) and one of the insulin-like growth factor binding protein-1 (IGFBP-1), -2 (IGFBP-2), -4 (IGFBP-4) and -6 (IGFBP-6). The complex plays a role in growth and development.",GO:0016942,cellular_component,0,0,insulin-like growth factor binding protein complex,GO:0032994,0,2
GO:0097234,1,epidermal lamellar body membrane,"The lipid bilayer surrounding an epidermal lamellar body, a specialized secretory organelle found in keratinocytes and involved in the formation of an impermeable, lipid-containing membrane that serves as a water barrier and is required for correct skin barrier function.",GO:0097209|GO:0097232,cellular_component,0,0,epidermal lamellar body membrane,GO:0033112,0,3
GO:0090725,1,peripheral region of growth cone,The non-central region or periphery of the migrating motile tip of a growing nerve cell axon or dendrite.,GO:0030426|GO:0110165,cellular_component,0,0,peripheral region of growth cone,GO:0032588,0,3
GO:0150005,1,enzyme activator complex,A protein complex capable of activating an enzyme. Activating subunits may dissociate from the catalytic unit before the enzyme is active.,GO:0032991,cellular_component,0,27,enzyme activator complex,GO:0008047,0,3
GO:0071261,1,Ssh1 translocon complex,"A translocon complex that contains a core heterotrimer of alpha, beta and gamma subunits, and may contain additional proteins (translocon-associated proteins or TRAPs); in budding yeast the core proteins are Ssh1p, Sbh2p, and Sss1p. The Ssh1 translocon complex is involved in the cotranslational pathway of protein transport across the ER membrane, and recognizes proteins bearing strongly hydrophobic signal sequences.",GO:0071256,cellular_component,0,1,Ssh1 translocon complex,GO:0031205,0,3
GO:0097229,2,sperm end piece,"The short tip of the sperm flagellum, adjacent to the sperm principal piece and furthest from the sperm head, which contains only the axoneme surrounded by the plasma membrane.",GO:0036126|GO:0110165,cellular_component,1,1,sperm end piece,GO:0097225,0,3
GO:0016935,2,glycine-gated chloride channel complex,A protein complex that forms a transmembrane channel through which chloride ions may pass in response to glycine binding to the channel complex or one of its constituent parts.,GO:0098797|GO:0034707,cellular_component,1,1,glycine-gated chloride channel complex,GO:1902710,0,3
GO:0097179,2,protease inhibitor complex,A heterodimeric protein complex that contains a protease inhibitor and a protease; formation of the complex inhibits protease activity.,GO:1904090,cellular_component,0,533,protease inhibitor complex,GO:0032991,0,3
GO:0061845,1,neuron projection branch point,The location where a secondary projection arises from a neuron projection.,GO:0043005|GO:0110165,cellular_component,0,0,neuron projection branch point,GO:1990033,0,3
GO:1990675,1,Golgi medial cisterna membrane,"The lipid bilayer surrounding any of the thin, flattened compartments that form the medial portion of the Golgi complex.",GO:0005797|GO:0032580,cellular_component,0,1,Golgi medial cisterna membrane,GO:0032580,0,3
GO:0097183,1,protein C inhibitor-coagulation factor XI complex,A heterodimeric protein complex that contains protein C inhibitor (SERPINA5) and coagulation factor XI (F11); formation of the complex inhibits the serine protease activity of coagulation factor XI.,GO:0097180,cellular_component,0,0,no appropriate match,GO:0000000,0,3
GO:0000428,2,DNA-directed RNA polymerase complex,A protein complex that possesses DNA-directed RNA polymerase activity.,GO:0030880,cellular_component,9,16,DNA-directed RNA polymerase complex,GO:0005736,0,4
GO:0097121,2,cyclin A1-CDK1 complex,A protein complex consisting of cyclin A1 and cyclin-dependent kinase 1 (CDK1). Cyclins are characterized by periodicity in protein abundance throughout the cell cycle. Cyclin-dependent kinases represent a family of serine/threonine protein kinases that become active upon binding to a cyclin regulatory partner.,GO:0000307,cellular_component,0,0,no appropriate match,GO:0000000,0,4
GO:0000806,2,Y chromosome,"The sex chromosome present in males of species in which the male is the heterogametic sex; generally, the sex chromosome that pairs with the X chromosome in the heterogametic sex. The Y chromosome is absent from the cells of females and present in one copy in the somatic cells of males.",GO:0000803,cellular_component,0,32479,no appropriate match,GO:0000000,0,4
GO:0097453,2,mesaxon,"Portion of the ensheathing process (either myelin or non-myelin) where the enveloping lips of the ensheathing cell come together so that their apposed plasma membranes run parallel to each other, separated by a cleft 12 nm wide.",GO:1990015,cellular_component,1,355,no appropriate match,GO:0000000,0,4
GO:0033011,2,perinuclear theca,"A condensed cytoplasmic structure that covers the nucleus of mammalian spermatozoa except for a narrow zone around the insertion of the tail. It shows two distinct regions, a subacrosomal layer and, continuing caudally beyond the acrosomic system, the postacrosomal sheath. The perinuclear theca has been considered a cytoskeletal scaffold responsible for maintaining the overall architecture of the mature sperm head; however, recent studies indicate that the bulk of its constituent proteins are not traditional cytoskeletal proteins but rather a variety of cytosolic proteins.",GO:0005856|GO:0048471,cellular_component,0,246,perinuclear theca,GO:0001938,0,4
GO:1990026,2,hippocampal mossy fiber expansion,Synaptic expansion of hippocampal mossy fiber axon that makes contact with the thorny excrescences of hippocampal CA3 pyramidal cell dendrites.,GO:0097457|GO:0043195,cellular_component,1,0,no appropriate match,GO:0000000,0,4
GO:0036030,2,protein C inhibitor-plasma kallikrein complex,A heterodimeric protein complex that contains protein C inhibitor (SERPINA5) and plasma kallikrein (KLK1B); formation of the complex inhibits the serine protease activity of plasma kallikrein.,GO:0097180,cellular_component,0,0,no appropriate match,GO:0000000,0,4
GO:0005656,2,nuclear pre-replicative complex,"A protein-DNA complex assembled at eukaryotic DNA replication origins during late mitosis and G1, allowing the origin to become competent, or 'licensed', for replication. The complex normally includes the origin recognition complex (ORC), Cdc6, Cdt1 and the MiniChromosome Maintenance (Mcm2-7) proteins.",GO:0140513|GO:0036387|GO:0005654,cellular_component,3,0,nuclear pre-replicative complex,GO:0031560,0,4
GO:0032994,2,protein-lipid complex,A macromolecular complex containing separate protein and lipid molecules. Separate in this context means not covalently bound to each other.|Macromolecular complexes in which the lipid component is all covalently bound to protein are not considered protein-lipid complexes.,GO:0032991,cellular_component,23,781,protein-lipid complex,GO:0032994,1,4
GO:0070319,2,Golgi to plasma membrane transport vesicle,"A transport vesicle that mediates transport from the Golgi to the plasma membrane, and fuses with the plasma membrane to release various cargo molecules, such as proteins or hormones, by exocytosis.",GO:0070382,cellular_component,1,0,Golgi to plasma membrane transport vesicle,GO:0030140,0,4
GO:0097451,3,glial limiting end-foot,"Terminal process of astrocyte that extends to the surface of the central nervous system. Together, glial limiting end-feet form the glial limiting membrane or glia limitans.",GO:0097450,cellular_component,2,0,no appropriate match,GO:0000000,0,5
GO:0002096,2,polkadots,"A punctate, filamentous structure composed of Bcl10 that appears in the cytoplasm of T-cells shortly after T-cell receptor stimulation. Polkadots stands for Punctate Oligomeric Killing and Activating DOmains Transducing Signals.|Note that polkadots also contains some amount of MALT1. Interaction with MALT1 is required for formation of the polkadots.",GO:0032991|GO:0005737,cellular_component,0,31,no appropriate match,GO:0000000,0,5
GO:0098895,2,postsynaptic endosome membrane,The lipid bilayer surrounding a postsynaptic endosome.,GO:0010008|GO:0098845,cellular_component,0,0,postsynaptic endosome membrane,GO:0098839,0,5
GO:0070436,2,Grb2-EGFR complex,"A protein complex that contains the epidermal growth factor receptor (EGFR) and Grb2, and is involved in linking EGFR activation to the p21-Ras pathway.",GO:0098797,cellular_component,0,1,no appropriate match,GO:0000000,0,5
GO:0017054,2,negative cofactor 2 complex,"A heterodimeric protein complex that can stably associate with TATA-binding protein on promoters, thereby preventing the assembly of transcription factors TFIIA and TFIIB and leading to repression of RNA polymerase II transcription. The two subunits, NC2alpha (Drap1) and NC2beta (Dr1), dimerize through histone fold domains of the H2A/H2B type present in the amino termini.",GO:0090571,cellular_component,0,79,negative cofactor 2 complex,GO:0016592,0,5
GO:0036501,2,UFD1-NPL4 complex,"A dimeric protein complex that contains the co-factors for the ATPase VCP/p97 (Cdc48p in budding yeast). In mammals, this complex consists of UFD1L (UFD1) and NPLOC4 (NPL4). In budding yeast, the complex is a dimer of Ufd1p and Npl4p.",GO:0005737|GO:0032991,cellular_component,0,95,UFD1-NPL4 complex,GO:0034098,0,5
GO:1904974,2,heparanase complex,A protein complex which is capable of heparanase activity.|An example of this is HPSE in human (Q9Y251) in PMID:12927802 (inferred from direct assay).,GO:1902494,cellular_component,0,3,heparanase complex,GO:1990570,0,5
GO:0005893,2,interleukin-2 receptor complex,"A protein complex that binds interleukin-2; comprises alpha, beta, and gamma subunits.",GO:0098802,cellular_component,0,167,interleukin-2 receptor complex,GO:0035632,0,5
GO:0019908,3,nuclear cyclin-dependent protein kinase holoenzyme complex,Cyclin-dependent protein kinase (CDK) complex found in the nucleus.,GO:0140513|GO:0000307,cellular_component,2,8,nuclear cyclin-dependent protein kinase holoenzyme complex,GO:0000307,0,5
GO:0090536,2,NoRC complex,"An ISWI complex that contains an ATPase subunit of the ISWI family (specifically SNF2H in mammals, which contain two ISWI homologs) and a Tip5 homolog. In mammals, NoRC is involved in regulation of transcription from RNAP I and RNA polymerase III promoters.",GO:0031010,cellular_component,0,158,NoRC complex,GO:0032993,0,5
GO:0036195,3,muscle cell projection membrane,The portion of the plasma membrane surrounding a muscle cell projection.,GO:0031253|GO:0036194,cellular_component,0,0,muscle cell projection membrane,GO:0036190,0,6
GO:0120206,3,photoreceptor distal connecting cilium,"The distal region of the photoreceptor connecting cilium is structurally unique to the photoreceptor and is maintained by retina-specific protein, SPATA7, and its interacting partners RPGR and RPGRIP1. It is essential for photoreceptor sensory cilium stability.",GO:0032391|GO:0110165,cellular_component,0,0,photoreceptor distal connecting cilium,GO:1990033,0,6
GO:0036398,3,TCR signalosome,"A multi-protein complex containing at least the T-cell receptor complex and the LAT (linker for activation of T cells) scaffold protein. Also contains a variety of signaling proteins including co-receptors, kinases, phosphatases and adaptors such as CD8. Connects events on the plasma membrane to distal signaling cascades to ultimately modulate T cell biology.",GO:0032991,cellular_component,0,257,TCR signalosome,GO:0072534,0,6
GO:0032389,3,MutLalpha complex,"A heterodimer involved in the recognition of base-base and small insertion/deletion mismatches. In human the complex consists of two subunits, MLH1 and PMS2.",GO:0140513|GO:0032300,cellular_component,1,164,MutLalpha complex,GO:0032402,0,6
GO:0061474,3,phagolysosome membrane,The lipid bilayer surrounding a phagolysosome.,GO:0030670|GO:0005765|GO:0032010,cellular_component,2,142,phagolysosome membrane,GO:0034351,0,6
GO:1990351,3,transporter complex,"A protein complex facilitating transport of molecules (proteins, small molecules, nucleic acids) into, out of or within a cell, or between cells.|An example of this is GTR1 in human (UniProt symbol P11166) in PMID:15449578 (inferred from direct assay).",GO:0032991,cellular_component,33,2064,transporter complex,GO:1990351,1,6
GO:0043614,3,multi-eIF complex,"A multifactor complex composed of multiple translation initiation factors and the initiatior tRNAiMet, which is ready to bind to the small (40S) ribosome to form the 43S preinitiation complex. In S. cerevisiae, this complex is composed of eIF1, eIF2, eIF3, and eIF5.",GO:0005737|GO:1990904,cellular_component,1,1,no appropriate match,GO:0000000,0,6
GO:0043626,3,PCNA complex,"A protein complex composed of three identical PCNA monomers, each comprising two similar domains, which are joined in a head-to-tail arrangement to form a homotrimer. Forms a ring-like structure in solution, with a central hole sufficiently large to accommodate the double helix of DNA. Originally characterized as a DNA sliding clamp for replicative DNA polymerases and as an essential component of the replisome, and has also been shown to be involved in other processes including Okazaki fragment processing, DNA repair, translesion DNA synthesis, DNA methylation, chromatin remodeling and cell cycle regulation.",GO:0044796|GO:0140513,cellular_component,2,297,PCNA complex,GO:0032119,0,6
GO:0044298,3,cell body membrane,"The plasma membrane of a cell that bears surface projections such as axons, dendrites, cilia, or flagella, excluding the plasma membrane on cell projections.",GO:0005886|GO:0044297|GO:0110165,cellular_component,1,296,plasma membrane,GO:0005886,0,6
GO:1905721,3,mitotic spindle astral microtubule end,Any microtubule end that is part of a mitotic spindle astral microtubule.,GO:1990752|GO:0061673,cellular_component,0,0,mitotic spindle astral microtubule end,GO:0035613,0,6
GO:0032302,4,MutSbeta complex,"A heterodimer involved in binding to and correcting insertion/deletion mutations. In human the complex consists of two subunits, MSH2 and MSH3.",GO:0140513|GO:0032300,cellular_component,2,139,MutSbeta complex,GO:0032400,0,7
GO:0035363,4,histone locus body,"A nuclear body associated with the histone gene locus that is thought to contain all of the factors necessary for histone mRNA transcription and pre-mRNA processing. In Drosophila, U7 snRNP is located in the histone locus body rather than the distinct Cajal body.",GO:0016604,cellular_component,1,355,histone locus body,GO:0035061,0,7
GO:0005853,4,eukaryotic translation elongation factor 1 complex,"A multisubunit nucleotide exchange complex that binds GTP and aminoacyl-tRNAs, and catalyzes their codon-dependent placement at the A-site of the ribosome. In humans, the complex is composed of four subunits, alpha, beta, delta and gamma.",GO:0032991|GO:0005737,cellular_component,9,28,eukaryotic translation elongation factor 1 complex,GO:0005853,1,7
GO:0034667,4,integrin alpha3-beta1 complex,An integrin complex that comprises one alpha3 subunit and one beta1 subunit.,GO:0008305,cellular_component,0,0,integrin alpha3-beta1 complex,GO:0008306,0,7
GO:1990578,4,perinuclear endoplasmic reticulum membrane,"The membrane of the perinuclear endoplasmic reticulum, which is the portion of endoplasmic reticulum, the intracellular network of tubules and cisternae, that occurs near the nucleus.",GO:0097038|GO:0016020|GO:0031090|GO:0005789,cellular_component,1,6,perinuclear endoplasmic reticulum membrane,GO:1990578,1,7
GO:0097196,4,Shu complex,"A protein complex involved in error-free DNA post-replication repair (PRR). In Saccharomyces cerevisiae the complex contains Csm2p, Psy3p, Shu1p, and Shu2p.",GO:0032991,cellular_component,1,217,no appropriate match,GO:0000000,0,7
GO:0044614,4,nuclear pore cytoplasmic filaments,"Filamentous extensions on cytoplasmic face of the nuclear pore complex (NPC). In S. cerevisiae, Nup159p, Nup82p, and Nup42p contribute to the cytoplasmic filaments. In vertebrates, Nup358 is a major component.",GO:0005643|GO:0140513,cellular_component,2,0,nuclear pore cytoplasmic filaments,GO:0031080,0,7
GO:0070442,3,integrin alphaIIb-beta3 complex,An integrin complex that comprises one alphaIIb subunit and one beta3 subunit.,GO:0008305,cellular_component,0,2,integrin alphaIIb-beta3 complex,GO:0030175,0,7
GO:0072589,4,box H/ACA scaRNP complex,"A box H/ACA RNP complex that is located in the Cajal body of the nucleoplasm. In higher eukaryotes, box H/ACA RNP located in Cajal bodies mediate pseudouridylation of spliceosomal snRNAs.",GO:1902494|GO:0072588|GO:0015030|GO:0140513,cellular_component,0,0,box H/ACA scaRNP complex,GO:0031428,0,7
GO:0090724,4,central region of growth cone,The center of the migrating motile tip of a growing nerve cell axon or dendrite.,GO:0030426|GO:0110165,cellular_component,1,0,central region of growth cone,GO:0090724,1,7
GO:0002133,4,polycystin complex,A stable heterodimeric complex composed of polycystin-1 and polycystin-2.|Different forms of the complex differing in type of N-glycosylation of polycystin-1 can exist (endoglycosidase sensitive and endoglycosidase resistant).,GO:0032991,cellular_component,0,337,polycystin complex,GO:0034513,0,8
GO:0097268,4,cytoophidium,"A subcellular filamentary structure where CTP synthase is compartmentalized in a range of organisms including bacteria, yeast, fruit fly, rat and human.",GO:0099512,cellular_component,0,156,no appropriate match,GO:0000000,0,8
GO:0097433,5,dense body,An electron dense body which may contain granules.,GO:0005737|GO:0110165,cellular_component,2,1508,dense body,GO:0030480,0,8
GO:0071001,4,U4/U6 snRNP,"A ribonucleoprotein complex that contains the extensively base paired small nuclear RNAs U4 and U6, a heptameric ring of Sm proteins associated with U4, the Lsm2-8 heptameric ring complex associated with U6, as well as several proteins that are unique to the U4 snRNP or U6 snRNPs, some of which remain associated with the U4/U6 snRNA both while the U4 snRNP is free or assembled into a series of spliceosomal complexes.",GO:0097525,cellular_component,0,521,U4/U6 snRNP,GO:0005687,0,8
GO:0043219,4,lateral loop,"Non-compact myelin located adjacent to the nodes of Ranvier in a myelin segment. These non-compact regions include cytoplasm from the cell responsible for synthesizing the myelin. Lateral loops are found in the paranodal region adjacent to the nodes of Ranvier, while Schmidt-Lantermann clefts are analogous structures found within the compact myelin internode.",GO:0043209|GO:0110165,cellular_component,0,255,no appropriate match,GO:0000000,0,8
GO:0070418,5,DNA-dependent protein kinase complex,"A protein complex that is involved in the repair of DNA double-strand breaks and, in mammals, V(D)J recombination events. It consists of the DNA-dependent protein kinase catalytic subunit (DNA-PKcs) and the DNA end-binding heterodimer Ku.",GO:1902554|GO:0140513,cellular_component,1,233,DNA-dependent protein kinase complex,GO:0005675,0,8
GO:0098560,5,cytoplasmic side of late endosome membrane,"The side (leaflet) of the late endosome membrane that faces the cytoplasm.|In GO, 'external side' still refers to part of the membrane and does not refer to components beyond (outside of) the membrane.",GO:0010009|GO:0031902,cellular_component,2,0,cytoplasmic side of late endosome membrane,GO:0035803,0,8
GO:0034657,5,GID complex,"A protein complex with ubiquitin ligase activity that, in Saccharomyces cerevisiae, is involved in proteasomal degradation of fructose-1,6-bisphosphatase (FBPase) and phosphoenolpyruvate carboxykinase during the transition from gluconeogenic to glycolytic growth conditions. It appears to play a broader role in cellular homeostasis and development in other species.",GO:0000151,cellular_component,1,148,GID complex,GO:0036464,0,8
GO:0005586,5,collagen type III trimer,A collagen homotrimer of alpha1(III) chains; type III collagen triple helices associate to form fibrils.,GO:0005583,cellular_component,4,0,collagen type III trimer,GO:0033187,0,8
GO:0070557,5,PCNA-p21 complex,A protein complex that contains the cyclin-dependent protein kinase inhibitor p21WAF1/CIP1 bound to PCNA; formation of the complex inhibits DNA replication.,GO:0140513,cellular_component,4,8,no appropriate match,GO:0000000,0,8
GO:0070461,6,SAGA-type complex,"A histone acetyltransferase complex that acetylates nucleosomal histones H2B, H3, or H4 and is required for the expression of a subset of Pol II-transcribed genes. This complex includes the acetyltransferases GCN5/KAT2A or PCAF/KAT2B, several proteins of the ADA, SGF and SPT families, and several TBP-associate proteins (TAFs).",GO:0000123,cellular_component,4,0,SAGA-type complex,GO:0000124,0,9
GO:0046581,6,intercellular canaliculus,An extremely narrow tubular channel located between adjacent cells. An instance of this is the secretory canaliculi occurring between adjacent parietal cells in the gastric mucosa of vertebrates.,GO:0005911,cellular_component,1,38,intercellular canaliculus,GO:0046581,1,9
GO:0030131,6,clathrin adaptor complex,A membrane coat adaptor complex that links clathrin to a membrane.,GO:0030119|GO:0030118,cellular_component,13,1324,clathrin adaptor complex,GO:0030131,1,9
GO:0043259,5,laminin-10 complex,"A laminin complex composed of alpha5, beta1 and gamma1 polypeptide chains.",GO:0043256,cellular_component,1,0,laminin-10 complex,GO:0043251,0,9
GO:0098944,5,postsynaptic recycling endosome membrane,The lipid bilayer surrounding a postsynaptic recycling endosome.,GO:0098895|GO:0098837,cellular_component,0,0,postsynaptic recycling endosome membrane,GO:0098834,0,9
GO:0071755,6,IgM B cell receptor complex,"An IgM immunoglobulin complex that is present in the plasma membrane of B cells and is composed of two identical immunoglobulin heavy chains of the IgM isotype and two identical immunoglobulin light chains and a signaling subunit, a heterodimer of the Ig-alpha and Ig-beta proteins.|Note that an IgM immunoglobulin complex has the function of antigen binding if a suitable antigen is available.",GO:0019815|GO:0071753,cellular_component,0,3,IgM B cell receptor complex,GO:0034508,0,9
GO:0000808,6,origin recognition complex,A multisubunit complex that is located at the replication origins of a chromosome.,GO:0032991|GO:0005694,cellular_component,9,4894,origin recognition complex,GO:0005675,0,9
GO:0071738,6,IgD immunoglobulin complex,"A protein complex composed of two identical immunoglobulin heavy chains of the IgD isotype and two identical immunoglobulin light chains, held together by disulfide bonds. An IgD immunoglobulin complex may be embedded in the plasma membrane or present in the extracellular space, in mucosal areas or other tissues, or circulating in the blood or lymph.|Note that an IgD immunoglobulin complex has the function of antigen binding if a suitable antigen is available.",GO:0019814,cellular_component,0,0,IgD immunoglobulin complex,GO:0071748,0,9
GO:0140552,6,TEAD-YAP complex,A transcription factor complex that is composed of the one DNA binding protein of the TEAD family and the transcriptional coactivator YAP.,GO:0090575,cellular_component,1,825,no appropriate match,GO:0000000,0,9
GO:0034685,5,integrin alphav-beta6 complex,An integrin complex that comprises one alphav subunit and one beta6 subunit.,GO:0008305,cellular_component,0,0,integrin alphav-beta6 complex,GO:0035803,0,9
GO:0097226,6,sperm mitochondrial sheath,The tightly packed helical sheath of ATP-producing mitochondria restricted to the midpiece of the sperm flagellum.,GO:0097225|GO:0110165,cellular_component,0,67,no appropriate match,GO:0000000,0,10
GO:0017071,6,intracellular cyclic nucleotide activated cation channel complex,A protein complex that forms a transmembrane channel through which cations ions may pass in response to an intracellular cyclic nucleotide binding to the channel complex or one of its constituent parts.,GO:0034703,cellular_component,1,4,intracellular cyclic nucleotide activated cation channel complex,GO:0099054,0,10
GO:0106139,7,symbiont cell surface,"The cell surface of a secondary, endosymbiont organism with which the first organism is interacting. The symbiont is defined as the smaller of the organisms involved in a symbiotic interaction.",GO:0044217,cellular_component,0,3,symbiont cell surface,GO:0044218,0,10
GO:1990617,6,CHOP-ATF4 complex,"A heterodimeric transcription factor complex that is composed of CHOP (C/EBP homology protein, GADD153) and ATF4 (activating transcription factor 4, also known as cAMP response element binding protein-2/CREB-2) subunits.",GO:0090575,cellular_component,0,0,no appropriate match,GO:0000000,0,10
GO:0001739,6,sex chromatin,Chromatin that is part of a sex chromosome.,GO:0000803|GO:0000792,cellular_component,0,1854,no appropriate match,GO:0000000,0,10
GO:0140494,6,migrasome,A vesicular organelle that forms on retraction fibers behind migrating cells and mediates the release of cytoplasmic contents during cell migration.,GO:0043231,cellular_component,0,364,migrasome,GO:0140597,0,10
GO:0099617,7,matrix side of mitochondrial inner membrane,The side (leaflet) of the mitochondrial inner membrane that faces the matrix.,GO:0005743|GO:0098576,cellular_component,0,0,matrix side of mitochondrial inner membrane,GO:0098560,0,10
GO:0051286,7,cell tip,"The region at the end of the longest axis of a cylindrical or elongated cell.|Note that this term differs from 'cell pole ; GO:0060187' in that it is applicable to the thin ends of elongated cells, such as the ends of axons or dendrites.",GO:0060187,cellular_component,3,1037,cell tip,GO:0051286,1,10
GO:0098830,7,presynaptic endosome,"An endosome present in the presynapse that fuses with endocytic vesicles arising in the presynaptic endocytic zone. This organelle is believed to be involved in regeneration of synaptic vesicles.|As of 2015, there is still controversy over the nature of presynaptic endosomes and their relationship to regular endosomes. See Jahne et al., 2015 (PMID:25939282) for details.",GO:0098793|GO:0005768,cellular_component,0,5,presynaptic endosome,GO:0098830,1,10
GO:0044300,7,cerebellar mossy fiber,"An axon arising from cerebellar projecting cells in the cochlea, vestibular nuclei, spinal cord, reticular formation, cerebellar nuclei and basilar pontine nuclei. Mossy fibers enter through all three cerebellar peduncles and send collaterals to the deep cerebellar nuclei, then branch in the white matter and terminate in the granule cell layer. Through this branching, a given mossy fiber can innervate several folia. Mossy fibers synapse on granule cells. The synaptic contacts are made at enlargements along the length of the mossy fiber called mossy fiber rosettes. The enlargements of the rosettes give the axons a mossy-looking appearance in Golgi stained preparations.",GO:0030424,cellular_component,2,558,no appropriate match,GO:0000000,0,10
GO:0030906,8,"retromer, cargo-selective complex","The trimeric subcomplex of the retromer, believed to be closely associated with the membrane. This trimeric complex is responsible for recognizing and binding to cargo molecules. The complex comprises three Vps proteins in both yeast and mammalian cells: Vps35p, Vps29p, and Vps26p in yeast, and VPS35, VPS29 and VPS26A or VPS26B in mammals.",GO:0098796|GO:0030904,cellular_component,1,2,"retromer, cargo-selective complex",GO:0030904,0,11
GO:0016461,8,unconventional myosin complex,A portmanteau term for myosins other than myosin II.|Note that this term is retained because it is widely used by biologists.,GO:0016459,cellular_component,1,0,unconventional myosin complex,GO:0033179,0,11
GO:1990234,9,transferase complex,"A protein complex capable of catalyzing the transfer of a group, e.g. a methyl group, glycosyl group, acyl group, phosphorus-containing, or other groups, from one compound (generally regarded as the donor) to another compound (generally regarded as the acceptor).",GO:1902494,cellular_component,18,1193,transferase complex,GO:1990234,1,11
GO:0030137,8,COPI-coated vesicle,"A vesicle with a coat formed of the COPI coat complex proteins. COPI-coated vesicles are found associated with Golgi membranes at steady state, are involved in Golgi to endoplasmic reticulum (retrograde) vesicle transport, and possibly also in intra-Golgi transport.",GO:0030135|GO:0005798,cellular_component,11,162,COPI-coated vesicle,GO:0030137,1,11
GO:0000811,9,GINS complex,"A heterotetrameric protein complex that associates with replication origins, where it is required for the initiation of DNA replication, and with replication forks.",GO:0031261|GO:0000228,cellular_component,1,1066,GINS complex,GO:0034423,0,11
GO:0005592,9,collagen type XI trimer,A collagen heterotrimer containing type XI alpha chains in alpha1(XI)alpha2(XI)alpha3(XI) trimers; type XI collagen triple helices associate to form fibrils.,GO:0005583,cellular_component,4,0,collagen type XI trimer,GO:0005583,0,11
GO:0045261,7,"proton-transporting ATP synthase complex, catalytic core F(1)","The sector of a hydrogen-transporting ATP synthase complex in which the catalytic activity resides; it comprises the catalytic core and central stalk, and is peripherally associated with a membrane, such as the plasma membrane or the mitochondrial inner membrane, when the entire ATP synthase is assembled.",GO:0045259|GO:0033178,cellular_component,20,36,"proton-transporting ATP synthase complex, catalytic core F(1)",GO:0045261,1,11
GO:0033503,8,HULC complex,"A ubiquitin ligase complex that contains two RING finger proteins, which have ubiquitin ligase activity, in addition to a protein with ubiquitin-conjugating enzyme activity; catalyzes the ubiquitination of histone H2B at lysine 119 (or the equivalent residue). In Schizosaccharomyces the subunits are Rhp6, Shf1, Brl2/Rfp1 and Brl1/Rfp2.",GO:0000785|GO:0000151|GO:0031371,cellular_component,0,3,HULC complex,GO:0031011,0,11
GO:0036057,9,slit diaphragm,"A specialized cell-cell junction found between the interdigitating foot processes of the glomerular epithelium (the podocytes) in the vertebrate kidney, which is adapted for facilitating glomerular filtration.",GO:0036056,cellular_component,2,4079,slit diaphragm,GO:0036057,1,11
GO:0019815,8,B cell receptor complex,"An immunoglobulin complex that is present in the plasma membrane of B cells and that in its canonical form is composed of two identical immunoglobulin heavy chains and two identical immunoglobulin light chains and a signaling subunit, a heterodimer of the Ig-alpha and Ig-beta proteins.|Note that an immunoglobulin complex has the function of antigen binding if a suitable antigen is available.",GO:0098802|GO:0019814,cellular_component,5,524,B cell receptor complex,GO:0032998,0,11
GO:0031265,10,CD95 death-inducing signaling complex,"A protein complex formed upon binding of Fas/CD95/APO-1 to its ligand. The complex includes FADD/Mort1, procaspase-8/10 and c-FLIP in addition to the ligand-bound receptor.",GO:0031264,cellular_component,3,557,CD95 death-inducing signaling complex,GO:0071556,0,12
GO:0033185,10,dolichol-phosphate-mannose synthase complex,"A protein complex that possesses dolichyl-phosphate beta-D-mannosyltransferase activity; contains a catalytic subunit, a regulatory subunit, and a third subunit that stabilizes the complex. In human and several other metazoa, the subunits are named DPM1, DPM2 and DPM3, respectively.",GO:0031501,cellular_component,0,1,dolichol-phosphate-mannose synthase complex,GO:0000500,0,12
GO:0016602,11,CCAAT-binding factor complex,"A heteromeric transcription factor complex that binds to the CCAAT-box upstream of promoters; functions as both an activator and a repressor, depending on its interacting cofactors. Typically trimeric consisting of NFYA, NFYB and NFYC subunits. In Saccharomyces, it activates the transcription of genes in response to growth in a nonfermentable carbon source and consists of four known subunits: HAP2, HAP3, HAP4 and HAP5.",GO:0090575,cellular_component,5,43,CCAAT-binding factor complex,GO:0033251,0,12
GO:0071546,11,pi-body,"A P granule that contains the PIWIL2-TDRD1 module, a set of proteins that act in the primary piRNA pathway. The pi-body corresponds to the cementing material between mitochondria found in gonocytes.",GO:0043186,cellular_component,2,45,pi-body,GO:0032042,0,12
GO:0042599,11,lamellar body,"A membrane-bounded organelle, specialized for the storage and secretion of various substances (surfactant phospholipids, glycoproteins and acid phosphates) which are arranged in the form of tightly packed, concentric, membrane sheets or lamellae. Has some similar properties to, but is distinct from, a lysosome.",GO:0030141,cellular_component,7,2091,lamellar body,GO:0042599,1,12
GO:0036449,11,microtubule minus-end,The end of a microtubule that does not preferentially grow (polymerize).,GO:1990752,cellular_component,1,1703,microtubule minus-end,GO:0036449,1,12
GO:0002141,10,stereocilia ankle link,A stereocilia coupling link that is composed of a fine filament present in developing stereocilia that couples the bases of individual stereocilia to one another. They are not present in mature stereocilia.,GO:0002139,cellular_component,0,1,no appropriate match,GO:0000000,0,12
GO:1903143,11,adrenomedullin receptor complex,"A transmembrane, G protein-coupled signaling receptor complex which is capable of adrenomedullin receptor activity.|An example of this is RAMP2 in human (O60895) in PMID:22102369 (inferred from direct assay).",GO:1903439|GO:0038037,cellular_component,0,0,adrenomedullin receptor complex,GO:1990403,0,12
GO:0005588,11,collagen type V trimer,A collagen heterotrimer containing type V alpha chains; [alpha1(V)]2alpha2(V) and alpha1(V)alpha2(V)alpha3(V) trimers have been observed; type V collagen triple helices associate to form fibrils.,GO:0005583,cellular_component,5,0,no appropriate match,GO:0000000,0,12
GO:0030956,9,glutamyl-tRNA(Gln) amidotransferase complex,"A protein complex that possesses glutamyl-tRNA(Gln) amidotransferase activity, and therefore creates Gln-tRNA by amidating Glu-tRNA; usually composed of 3 subunits: A, B, and C. Note that the C subunit may not be required in all organisms.|Note that this term represents a location and not a function; the activity possessed by this complex is mentioned in the definition for the purpose of describing and distinguishing the complex. The function possessed by this complex is represented by the molecular function term 'glutaminyl-tRNA synthase (glutamine-hydrolyzing) activity ; GO:0050567'.",GO:1902494|GO:0140535,cellular_component,0,3,glutamyl-tRNA(Gln) amidotransferase complex,GO:0030956,1,12
GO:0008287,12,protein serine/threonine phosphatase complex,"A complex, normally consisting of a catalytic and a regulatory subunit, which catalyzes the removal of a phosphate group from a serine or threonine residue of a protein.",GO:1903293,cellular_component,13,48,protein serine/threonine phosphatase complex,GO:0008287,1,13
GO:0035631,12,CD40 receptor complex,"A protein complex that contains at least CD40 (a cell surface receptor of the tumour necrosis factor receptor (TNFR) superfamily), and other signaling molecules.",GO:0098802,cellular_component,11,65,CD40 receptor complex,GO:0035631,1,13
GO:0031465,11,Cul4B-RING E3 ubiquitin ligase complex,A ubiquitin ligase complex in which a cullin from the Cul4B subfamily and a RING domain protein form the catalytic core; substrate specificity is conferred by unknown subunits.,GO:0080008,cellular_component,1,2,Cul4B-RING E3 ubiquitin ligase complex,GO:0031463,0,13
GO:0033018,13,sarcoplasmic reticulum lumen,The volume enclosed by the membranes of the sarcoplasmic reticulum.,GO:0031974|GO:0005788|GO:0016529,cellular_component,1,138,sarcoplasmic reticulum lumen,GO:0033018,1,13
GO:0097449,14,astrocyte projection,A prolongation or process extending from the soma of an astrocyte and wrapping around neurons.,GO:0097386,cellular_component,5,6,astrocyte projection,GO:0097483,0,13
GO:0030896,11,checkpoint clamp complex,Conserved heterotrimeric complex of PCNA-like proteins that is loaded onto DNA at sites of DNA damage.|Note that the following subunit names have been used: human RAD9/RAD1/HUS1; S. pombe Rad9/Rad1/Hus1; S. cerevisiae Ddc1p/Rad17p/Mec3p.,GO:0140513|GO:0000794,cellular_component,1,53,checkpoint clamp complex,GO:0030897,0,13
GO:1905202,12,methylcrotonoyl-CoA carboxylase complex,"A protein complex capable of methylcrotonoyl-CoA carboxylase activity. In mammals, it is a mitochondrial complex comprising a dodecamer of 6 alpha and 6 beta subunits: MCCC-alpha has a covalently bound biotin essential for the ATP-dependent carboxylation; MCCC-beta possesses carboxyltransferase activity which presumably is essential for binding to 3-methylcrotonyl-CoA.",GO:1902494,cellular_component,0,0,methylcrotonoyl-CoA carboxylase complex,GO:0009318,0,13
GO:0005797,12,Golgi medial cisterna,The middle Golgi cisterna (or cisternae).,GO:0031985,cellular_component,4,16,Golgi medial cisterna,GO:0031987,0,13
GO:0001939,11,female pronucleus,The pronucleus originating from the ovum that is being fertilized.,GO:0045120,cellular_component,0,839,female pronucleus,GO:0001938,0,13
GO:0140275,13,MIB complex,"A mitochondrial intermembrane space bridging complex consisting of components of the MICOS complex in the inner mitochondrial membrane, the SAM complex in the outer membrane, a conserved DNAJ protein (human DNAJC11) and Metaxin 1.",GO:0098800,cellular_component,1,119,MIB complex,GO:0140513,0,13
GO:0032591,16,dendritic spine membrane,The portion of the plasma membrane surrounding a dendritic spine.,GO:0097060|GO:0032590|GO:0043197|GO:0032589,cellular_component,2,6,dendritic spine membrane,GO:0097060,0,14
GO:0005798,16,Golgi-associated vesicle,Any vesicle associated with the Golgi complex and involved in mediating transport within the Golgi or between the Golgi and other parts of the cell.|Note that this definition includes vesicles that are transiently associated with the Golgi.,GO:0031410,cellular_component,16,34,Golgi-associated vesicle,GO:0005798,1,14
GO:1990909,17,Wnt signalosome,"A multiprotein protein complex containing membrane-localized Wnt receptors and cytosolic protein complexes, which is capable of transmitting the Wnt signal. Contains at least a Wnt protein, LRP5 or LRP6, a member of the Frizzled (Fz) family, Axin and and a Dishevelled (DVL) protein.|Within the Wnt signalosome, beta-catenin phosphorylation is inhibited through internalization of the signalosome complex, resulting in the sequestration of GSK3-beta into multi-vesicular bodies. No longer phosphorylated and targeted for degradation, beta-catenin is free to enter the nucleus and modulate downstream transcription.",GO:0032991,cellular_component,5,278,Wnt signalosome,GO:1990909,1,14
GO:0033270,16,paranode region of axon,An axon part that is located adjacent to the nodes of Ranvier and surrounded by lateral loop portions of myelin sheath.,GO:0044304|GO:0110165,cellular_component,3,0,paranode region of axon,GO:0033270,1,14
GO:0008622,15,epsilon DNA polymerase complex,"A heterotetrameric DNA polymerase complex that catalyzes processive DNA synthesis in the absence of PCNA, but is further stimulated in the presence of PCNA. The complex contains a large catalytic subunit and three small subunits, and is best characterized in Saccharomyces, in which the subunits are named Pol2p, Dpb2p, Dpb3p, and Dpb4p. Some evidence suggests that DNA polymerase epsilon is the leading strand polymerase; it is also involved in nucleotide-excision repair and mismatch repair.",GO:0140513|GO:0042575|GO:0000228,cellular_component,0,5,epsilon DNA polymerase complex,GO:0042576,0,14
GO:0089701,14,U2AF complex,A heterodimeric protein complex consisting of conserved large and small U2AF subunits that contributes to spliceosomal RNA splicing by binding to consensus sequences at the 3' splice site. U2AF is required to stabilize the association of the U2 snRNP with the branch point.,GO:0140513,cellular_component,1,129,U2AF complex,GO:0071008,0,14
GO:1990316,17,Atg1/ULK1 kinase complex,"A protein complex consisting of Atg1 (or Atg1 homologs e.g. ULK1, ULK2 in mammals) and Atg13 along with other proteins that regulate its function (e.g. Atg17 in yeast or RB1CC1(FIP200) in mammals). This complex has serine/threonine protein kinase activity and is involved in autophagosome formation.",GO:1902554|GO:0005737,cellular_component,3,0,Atg1/ULK1 kinase complex,GO:0031439,0,14
GO:0034098,17,VCP-NPL4-UFD1 AAA ATPase complex,"A multiprotein ATPase complex required for the efficient dislocation of ER-lumenal degradation substrates, and their subsequent proteolysis by the proteasome. In budding yeast, this complex includes Cdc48p, Npl4p and Ufd1p proteins. In mammals, this complex includes a hexamer of VCP/p97 (a cytosolic ATPase) and trimers of each of its cofactors UFD1L and NPL4 (NPLOC4) (e.g. a 6:3:3 stoichiometry).",GO:0140534|GO:0098796|GO:0005789,cellular_component,2,0,no appropriate match,GO:0000000,0,14
GO:0000783,14,nuclear telomere cap complex,A complex of DNA and protein located at the end of a linear chromosome in the nucleus that protects and stabilizes a linear chromosome.|Note that this term can be used in place of the obsolete cellular component term 'telomere ; GO:0005696'. Use with caution because this term refers to a specific protein complex and not a region of the chromosome.,GO:0140513|GO:0000782,cellular_component,8,11,nuclear telomere cap complex,GO:0070188,0,14
GO:0005859,16,muscle myosin complex,A filament of myosin found in a muscle cell of any type.,GO:0043292|GO:0016460,cellular_component,24,15,muscle myosin complex,GO:0005859,1,14
GO:0071004,20,U2-type prespliceosome,"A spliceosomal complex that is formed by association of the 5' splice site with the U1 snRNP, while the branch point sequence is recognized by the U2 snRNP. The prespliceosome includes many proteins in addition to those found in the U1 and U2 snRNPs. Commitment to a given pair of 5' and 3' splice sites occurs at the time of prespliceosome formation.",GO:0071010|GO:0005684,cellular_component,5,0,U2-type prespliceosome,GO:0071011,0,15
GO:0030286,19,dynein complex,"Any of several large complexes that contain two or three dynein heavy chains and several light chains, and have microtubule motor activity.",GO:1902494|GO:0005875,cellular_component,26,1972,dynein complex,GO:0030286,1,15
GO:0005742,18,mitochondrial outer membrane translocase complex,A large complex of the mitochondrial outer membrane that mediates transport of proteins into all mitochondrial compartments.,GO:0098799,cellular_component,11,45,mitochondrial outer membrane translocase complex,GO:0005741,0,15
GO:0030681,22,multimeric ribonuclease P complex,A ribonuclease P complex that generally contains a single RNA molecule and several protein molecules. Examples of this complex are found in Archaeal species.,GO:0030677,cellular_component,0,0,multimeric ribonuclease P complex,GO:0030682,0,15
GO:0042612,18,MHC class I protein complex,"A transmembrane protein complex composed of a MHC class I alpha chain and an invariant beta2-microglobin chain, and with or without a bound peptide antigen. Class I here refers to classical class I molecules.|See also the cellular component term 'MHC class I peptide loading complex ; GO:0042824'.",GO:0042611,cellular_component,47,197,MHC class I protein complex,GO:0042612,1,15
GO:0032982,23,myosin filament,"A supramolecular fiber containing myosin heavy chains, plus associated light chains and other proteins, in which the myosin heavy chains are arranged into a filament.",GO:0099512,cellular_component,20,2186,myosin filament,GO:0030482,0,15
GO:0097504,18,Gemini of coiled bodies,"Nuclear bodies frequently found near or associated with Cajal bodies (also called coiled bodies or CBs). Gemini of coiled bodies, or 'gems', are similar in size and shape to CBs, and often indistinguishable under the microscope. Unlike CBs, gems do not contain small nuclear ribonucleoproteins (snRNPs); they contain a protein called survivor of motor neurons (SMN) whose function relates to snRNP biogenesis. Gems are believed to assist CBs in snRNP biogenesis, and to play a role in the etiology of spinal muscular atrophy (SMA).",GO:0016604,cellular_component,0,266,Gemini of coiled bodies,GO:0035183,0,15
GO:0099092,23,"postsynaptic density, intracellular component","A network of proteins adjacent to the postsynaptic membrane forming an electron dense disc. Its major components include neurotransmitter receptors and the proteins that spatially and functionally organize neurotransmitter receptors in the adjacent membrane, such as anchoring and scaffolding molecules, signaling enzymes and cytoskeletal components.",GO:0014069|GO:0043228|GO:0099091,cellular_component,6,0,postsynaptic density,GO:0014069,0,15
GO:0120212,20,sperm head-tail coupling apparatus,A centrosome-based structure consisting of two cylindrical microtubule-based centrioles and associated components which anchors the flagellum to the sperm head.,GO:0110165,cellular_component,0,28,no appropriate match,GO:0000000,0,15
GO:0000346,21,transcription export complex,"The transcription export (TREX) complex couples transcription elongation by RNA polymerase II to mRNA export. The complex associates with the polymerase and travels with it along the length of the transcribed gene. TREX is composed of the THO transcription elongation complex as well as other proteins that couple THO to mRNA export proteins. The TREX complex is known to be found in a wide range of eukaryotes, including S. cerevisiae and metazoans.",GO:0140513,cellular_component,6,313,transcription export complex,GO:0000346,1,15
GO:0031941,33,filamentous actin,"A two-stranded helical polymer of the protein actin.|Note that this term refers only to the actin portion of a microfilament, and does not encompass associated proteins. See also the cellular component term 'actin filament ; GO:0005884'.",GO:0005884|GO:0032991,cellular_component,9,16302,actin filament,GO:0005884,0,16
GO:0031090,28,organelle membrane,A membrane that is one of the two lipid bilayers of an organelle envelope or the outermost membrane of single membrane bound organelle.,GO:0016020|GO:0043227,cellular_component,101,2938,organelle membrane,GO:0031090,1,16
GO:0070382,32,exocytic vesicle,"A transport vesicle that mediates transport from an intracellular compartment to the plasma membrane, and fuses with the plasma membrane to release various cargo molecules, such as proteins or hormones, by exocytosis.",GO:0099503|GO:0030133,cellular_component,14,503,exocytic vesicle,GO:0070382,1,16
GO:0000145,30,exocyst,A protein complex peripherally associated with the plasma membrane that determines where vesicles dock and fuse. At least eight complex components are conserved between yeast and mammals.,GO:0099023|GO:0005938,cellular_component,17,7072,exocyst,GO:0000145,1,16
GO:0042105,27,alpha-beta T cell receptor complex,"A T cell receptor complex in which the TCR heterodimer comprises alpha and beta chains, associated with the CD3 complex; recognizes a complex consisting of an antigen-derived peptide bound to a class I or class II MHC protein.",GO:0042101,cellular_component,9,35,alpha-beta T cell receptor complex,GO:0042101,0,16
GO:0005839,34,proteasome core complex,"A multisubunit barrel shaped endoprotease complex, which is the core of the proteasome complex.",GO:1902494|GO:0140535|GO:0000502,cellular_component,67,367,proteasome core complex,GO:0005839,1,16
GO:1902494,25,catalytic complex,A protein complex which is capable of catalytic activity.,GO:0032991,cellular_component,24,2110,catalytic complex,GO:1902494,1,16
GO:0016460,26,myosin II complex,"A myosin complex containing two class II myosin heavy chains, two myosin essential light chains and two myosin regulatory light chains. Also known as classical myosin or conventional myosin, the myosin II class includes the major muscle myosin of vertebrate and invertebrate muscle, and is characterized by alpha-helical coiled coil tails that self assemble to form a variety of filament structures.",GO:0016459,cellular_component,15,103,myosin II complex,GO:0016459,0,16
GO:0017059,25,serine palmitoyltransferase complex,"A protein complex that catalyses the condensation of L-serine with palmitoyl-CoA to form 3-ketosphinganine, the sphingoid base which is the starting point for all sphingolipids. In bacteria the enzyme is a cytoplasmic homodimer, whereas in eukaryotes the enzyme is a multiprotein complex localised to the endoplasmic reticulum. The eukaryotic complex consists of catalytic components (SPTLC1, SPTLC2 and SPTLC3 in humans; LCB1 and LCB2 in S. cerevisiae) and regulatory components, which include activators (SPTSSA/SPTSSB in humans, TSC3 in S. cerevisiae) and negative regulators (ORMDL1/ORMDL2/ORMDL3 in humans, ORM1/2 in S. cerevisiae ).",GO:0002178,cellular_component,2,85,serine palmitoyltransferase complex,GO:0005762,0,16
GO:0043083,26,synaptic cleft,"The narrow gap that separates the presynaptic and postsynaptic membranes, into which neurotransmitter is released.",GO:0005576,cellular_component,6,19866,synaptic cleft,GO:0043083,1,16
GO:0032590,35,dendrite membrane,The portion of the plasma membrane surrounding a dendrite.,GO:0030425|GO:0032589,cellular_component,8,212,dendrite membrane,GO:0032590,1,17
GO:0005891,40,voltage-gated calcium channel complex,A protein complex that forms a transmembrane channel through which calcium ions may pass in response to changes in membrane potential.,GO:0098797|GO:0034704,cellular_component,26,281,voltage-gated calcium channel complex,GO:0005891,1,17
GO:0031083,42,BLOC-1 complex,"A protein complex required for the biogenesis of specialized organelles of the endosomal-lysosomal system, such as melanosomes and platelet dense granules. Many of the protein subunits are conserved between mouse and human; the mouse complex contains the Pallidin, Muted, Cappuccino, Dysbindin, Snapin, BLOS1, BLOS2, AND BLOS3 proteins.",GO:0031082,cellular_component,0,266,BLOC-1 complex,GO:0031083,1,17
GO:0048188,41,Set1C/COMPASS complex,"A conserved protein complex that catalyzes methylation of histone H3. In Saccharomyces the complex contains Shg1p, Sdc1p, Swd1p, Swd2p, Swd3p, Spp1p, Bre2p, and the trithorax-related Set1p; in mammals it contains the catalytic subunit (SETD1A or SETD1B), WDR5, WDR82, RBBP5, ASH2L/ASH2, CXXC1/CFP1, HCFC1 and DPY30.",GO:0035097,cellular_component,4,0,Set1C/COMPASS complex,GO:0035097,0,17
GO:0043240,47,Fanconi anaemia nuclear complex,"A protein complex composed of the Fanconi anaemia (FA) proteins including A, C, E, G and F (FANCA-F). Functions in the activation of the downstream protein FANCD2 by monoubiquitylation, and is essential for protection against chromosome breakage.",GO:0140513,cellular_component,3,7,Fanconi anaemia nuclear complex,GO:0043240,1,17
GO:0005744,35,TIM23 mitochondrial import inner membrane translocase complex,The protein transport machinery of the mitochondrial inner membrane that typically transports proteins that possess a matrix-targeting N-terminal presequence. The TIM23 complex contains three essential Tim proteins: Tim17 and Tim23 are thought to build a preprotein translocation channel while Tim44 interacts transiently with the matrix heat-shock protein Hsp70 to form an ATP-driven import motor.|See also the cellular component term 'mitochondrial inner membrane ; GO:0005743'.,GO:0098800,cellular_component,7,0,TIM23 mitochondrial import inner membrane translocase complex,GO:0005744,1,17
GO:0005795,41,Golgi stack,"The set of thin, flattened membrane-bounded compartments, called cisternae, that form the central portion of the Golgi complex. The stack usually comprises cis, medial, and trans cisternae; the cis- and trans-Golgi networks are not considered part of the stack.",GO:0098791,cellular_component,5,2489,Golgi stack,GO:0005795,1,17
GO:0035097,37,histone methyltransferase complex,A multimeric complex that is able to catalyze the addition of methyl groups to histone proteins.,GO:0005654|GO:0034708|GO:0140513,cellular_component,19,1648,histone methyltransferase complex,GO:0035097,1,17
GO:0005832,44,chaperonin-containing T-complex,A multisubunit ring-shaped complex that mediates protein folding in the cytosol without a cofactor.,GO:0101031|GO:0005829,cellular_component,24,623,chaperonin-containing T-complex,GO:0005832,1,17
GO:0140672,35,ATAC complex,"A chromatin remodeling complex that regulates transcription via acetylation primarily of nucleosomal histones H3 and possibly H4. Shares the histone acetylation (HAT) module of GCN5/PCAF-ADA2-ADA3-SGF29 (or orthologs) with the related SAGA complex (GO:0000124). Contains HAT subunits GCN5 or PCAF in a mutually exclusive manner. In addition to the HAT module contains DR1/NC2B, KAT14, MBIP, WDR5, YEATS2 and ZZZ3 or orthologs. Also regulates the activity of non-histone targets and orchestrates mitotic progression by regulating Cyclin A degradation through acetylation.",GO:0070461,cellular_component,0,180,ATAC complex,GO:0071212,0,17
GO:0035267,73,NuA4 histone acetyltransferase complex,"A complex having histone acetylase activity on chromatin, as well as ATPase, DNA helicase and structural DNA binding activities. The complex is thought to be involved in double-strand DNA break repair. Subunits of the human complex include HTATIP/TIP60, TRRAP, RUVBL1, BUVBL2, beta-actin and BAF53/ACTL6A. In yeast, the complex has 13 subunits, including the catalytic subunit Esa1 (homologous to human Tip60).",GO:0043189,cellular_component,11,581,NuA4 histone acetyltransferase complex,GO:0035267,1,18
GO:0005581,59,collagen trimer,A protein complex consisting of three collagen chains assembled into a left-handed triple helix. These trimers typically assemble into higher order structures.,GO:0032991,cellular_component,185,940,collagen trimer,GO:0098644,0,18
GO:0005834,54,heterotrimeric G-protein complex,Any of a family of heterotrimeric GTP-binding and hydrolyzing proteins; they belong to a superfamily of GTPases that includes monomeric proteins such as EF-Tu and RAS. Heterotrimeric G-proteins consist of three subunits; the alpha subunit contains the guanine nucleotide binding site and possesses GTPase activity; the beta and gamma subunits are tightly associated and function as a beta-gamma heterodimer; extrinsic plasma membrane proteins (cytoplasmic face) that function as a complex to transduce signals from G protein-coupled receptors to an effector protein.|See also the molecular function term 'G protein-coupled receptor activity ; GO:0004930'.,GO:1905360|GO:0098797|GO:0031234,cellular_component,12,935,heterotrimeric G-protein complex,GO:0005834,1,18
GO:0097431,66,mitotic spindle pole,"Either of the ends of a mitotic spindle, a spindle that forms as part of mitosis, where spindle microtubules are organized; usually contains a microtubule organizing center and accessory molecules, spindle microtubules and astral microtubules.",GO:0000922|GO:0072686,cellular_component,8,681,mitotic spindle pole,GO:0097431,1,18
GO:0042645,59,mitochondrial nucleoid,The region of a mitochondrion to which the DNA is confined.,GO:0009295|GO:0005759|GO:0043232,cellular_component,10,1007,mitochondrial nucleoid,GO:0042645,1,18
GO:0031093,69,platelet alpha granule lumen,The volume enclosed by the membrane of the platelet alpha granule.,GO:0031091|GO:0034774,cellular_component,68,308,platelet alpha granule lumen,GO:0031093,1,18
GO:0000815,49,ESCRT III complex,"A complex with membrane scission activity that plays a major role in many processes where membranes are remodelled - including endosomal transport (vesicle budding), nuclear envelope organisation (membrane closure, mitotic bridge cleavage), and cytokinesis (abscission).",GO:0098796|GO:0036452|GO:0010008,cellular_component,6,1785,ESCRT III complex,GO:0036459,0,18
GO:0000792,55,heterochromatin,A compact and highly condensed form of chromatin that is refractory to transcription.,GO:0000785,cellular_component,24,61643,heterochromatin,GO:0000792,1,18
GO:0030136,75,clathrin-coated vesicle,A vesicle with a coat formed of clathrin connected to the membrane via one of the clathrin adaptor complexes.,GO:0030135,cellular_component,35,3024,clathrin-coated vesicle,GO:0030136,1,18
GO:0005697,50,telomerase holoenzyme complex,"Telomerase is a ribonucleoprotein enzyme complex, with a minimal catalytic core composed of a catalytic reverse transcriptase subunit and an RNA subunit that provides the template for telomeric DNA addition. In vivo, the holoenzyme complex often contains additional subunits.",GO:1990904|GO:1902494|GO:0140513,cellular_component,12,124,telomerase holoenzyme complex,GO:0005697,1,18
GO:0045095,123,keratin filament,"A filament composed of acidic and basic keratins (types I and II), typically expressed in epithelial cells. The keratins are the most diverse classes of IF proteins, with a large number of keratin isoforms being expressed. Each type of epithelium always expresses a characteristic combination of type I and type II keratins.",GO:0005882,cellular_component,60,1496,keratin filament,GO:0045095,1,19
GO:0030666,118,endocytic vesicle membrane,The lipid bilayer surrounding an endocytic vesicle.,GO:0098588|GO:0030659|GO:0030139,cellular_component,36,307,endocytic vesicle membrane,GO:0030666,1,19
GO:0005902,90,microvillus,"Thin cylindrical membrane-covered projections on the surface of an animal cell containing a core bundle of actin filaments. Present in especially large numbers on the absorptive surface of intestinal cells.|Note that this term refers to a projection from a single cell, and should not be confused with 'microvillus' as used to refer to a multicellular structure such as that found in the placenta.",GO:0098858,cellular_component,11,6128,microvillus,GO:0005902,1,19
GO:0030426,133,growth cone,"The migrating motile tip of a growing neuron projection, where actin accumulates, and the actin cytoskeleton is the most dynamic.",GO:0150034|GO:0030427,cellular_component,29,19520,growth cone,GO:0030426,1,19
GO:0042383,124,sarcolemma,"The outer membrane of a muscle cell, consisting of the plasma membrane, a covering basement membrane (about 100 nm thick and sometimes common to more than one fiber), and the associated loose network of collagen fibers.",GO:0005886,cellular_component,49,18699,sarcolemma,GO:0042383,1,19
GO:0098793,194,presynapse,The part of a synapse that is part of the presynaptic cell.,GO:0045202|GO:0110165,cellular_component,66,2608,presynapse,GO:0098793,1,19
GO:0035579,91,specific granule membrane,"The lipid bilayer surrounding a specific granule, a granule with a membranous, tubular internal structure, found primarily in mature neutrophil cells. Most are released into the extracellular fluid. Specific granules contain lactoferrin, lysozyme, vitamin B12 binding protein and elastase.",GO:0042581|GO:0030667,cellular_component,33,91,specific granule membrane,GO:0035579,1,19
GO:0033116,140,endoplasmic reticulum-Golgi intermediate compartment membrane,The lipid bilayer surrounding any of the compartments of the endoplasmic reticulum (ER)-Golgi intermediate compartment system.,GO:0005793|GO:0098588,cellular_component,7,23,endoplasmic reticulum-Golgi intermediate compartment membrane,GO:0033116,1,19
GO:0098685,102,Schaffer collateral - CA1 synapse,A synapse between the Schaffer collateral axon of a CA3 pyramidal cell and a CA1 pyramidal cell.,GO:0045202,cellular_component,6,346,no appropriate match,GO:0000000,0,19
GO:1990904,206,ribonucleoprotein complex,A macromolecular complex that contains both RNA and protein molecules.,GO:0032991,cellular_component,72,15971,ribonucleoprotein complex,GO:0030529,0,19
GO:0009897,476,external side of plasma membrane,The leaflet of the plasma membrane that faces away from the cytoplasm and any proteins embedded or anchored in it or attached to its surface.,GO:0005886|GO:0098552|GO:0009986,cellular_component,223,984,external side of plasma membrane,GO:0009897,1,20
GO:0000139,1397,Golgi membrane,The lipid bilayer surrounding any of the compartments of the Golgi apparatus.,GO:0098588|GO:0005794,cellular_component,69,7070,Golgi membrane,GO:0000139,1,20
GO:0000785,1477,chromatin,"The ordered and organized complex of DNA, protein, and sometimes RNA, that forms the chromosome.|Chromosomes include parts that are not part of the chromatin. Examples include the kinetochore.",GO:0032993|GO:0005694,cellular_component,126,435576,chromatin,GO:0000785,1,20
GO:0005813,1204,centrosome,"A structure comprised of a core structure (in most organisms, a pair of centrioles) and peripheral material from which a microtubule-based structure, such as a spindle apparatus, is organized. Centrosomes occur close to the nucleus during interphase in many eukaryotic cells, though in animal cells it changes continually during the cell-division cycle.",GO:0005815,cellular_component,81,34528,centrosome,GO:0005813,1,20
GO:0005783,1836,endoplasmic reticulum,"The irregular network of unit membranes, visible only by electron microscopy, that occurs in the cytoplasm of many eukaryotic cells. The membranes form a complex meshwork of tubular channels, which are often expanded into slitlike cavities called cisternae. The ER takes two forms, rough (or granular), with ribosomes adhering to the outer surface, and smooth (with no ribosomes attached).",GO:0043231|GO:0012505|GO:0005737,cellular_component,287,327000,endoplasmic reticulum,GO:0005783,1,20
GO:0005769,439,early endosome,A membrane-bounded organelle that receives incoming material from primary endocytic vesicles that have been generated by clathrin-dependent and clathrin-independent endocytosis; vesicles fuse with the early endosome to deliver cargo for sorting into recycling or degradation pathways.,GO:0005768,cellular_component,33,13725,early endosome,GO:0005769,1,20
GO:0005829,35699,cytosol,"The part of the cytoplasm that does not contain organelles but which does contain other particulate matter, such as protein complexes.",GO:0110165|GO:0005737,cellular_component,570,253878,cytosol,GO:0005829,1,20
GO:0005575,431,cellular_component,"A location, relative to cellular compartments and structures, occupied by a macromolecular machine. There are three types of cellular components described in the gene ontology: (1) the cellular anatomical entity where a gene product carries out a molecular function (e.g., plasma membrane, cytoskeleton) or membrane-enclosed compartments (e.g., mitochondrion); (2) virion components, where viral proteins act, and (3) the stable macromolecular complexes of which gene product are parts (e.g., the clathrin complex).|Note that, in addition to forming the root of the cellular component ontology, this term is recommended for the annotation of gene products whose cellular component is unknown. When this term is used for annotation, it indicates that no information was available about the cellular component of the gene product annotated as of the date the annotation was made; the evidence code 'no data' (ND), is used to indicate this.",http://www.w3.org/2002/07/owl#Thing,cellular_component,202,63160,cellular_component,GO:0005575,1,20
GO:0016604,739,nuclear body,Extra-nucleolar nuclear domains usually visualized by confocal microscopy and fluorescent antibodies to specific proteins.,GO:0110165|GO:0005654,cellular_component,31,4486,nuclear body,GO:0016604,1,20
GO:0005925,681,focal adhesion,A cell-substrate junction that anchors the cell to the extracellular matrix and that forms a point of termination of actin filaments. In insects focal adhesion has also been referred to as hemi-adherens junction (HAJ).,GO:0030055,cellular_component,261,77168,focal adhesion,GO:0005925,1,20
