GO_ID,Count,GO_TERM,Aspect,go_id_pmc,go_term_pmc,Rank,Bin,predicted_go_id,pmatch,processing_time
GO:0014069,301,postsynaptic density,cellular_component,81,20873,67,1,GO:0030234,0,0.5
GO:0005794,1889,Golgi apparatus,cellular_component,185,62651,17,1,GO:0005794,1,0.52
GO:0005764,463,lysosome,cellular_component,171,101710,46,1,GO:0005770,0,0.24
GO:0005929,475,cilium,cellular_component,66,19190,44,1,GO:0031267,0,0.18
GO:0022625,214,cytosolic large ribosomal subunit,cellular_component,121,407,90,1,GO:0042788,0,0.26
GO:0005741,491,mitochondrial outer membrane,cellular_component,53,25179,41,1,GO:0005741,1,0.39
GO:0005840,5624,ribosome,cellular_component,506,161615,7,1,GO:0003735,0,0.29
GO:0005802,260,trans-Golgi network,cellular_component,14,25799,76,1,GO:0005794,0,0.19
GO:0005730,5461,nucleolus,cellular_component,208,40758,8,1,GO:0005654,0,0.18
GO:0005615,2981,extracellular space,cellular_component,728,94259,12,1,GO:0005576,0,0.24
GO:1903561,163,extracellular vesicle,cellular_component,79,30046,118,2,GO:0070062,0,0.25
GO:0098793,194,presynapse,cellular_component,66,2608,97,2,GO:0043005,0,0.31
GO:0043197,178,dendritic spine,cellular_component,37,33938,108,2,GO:0043197,1,0.21
GO:0000932,159,P-body,cellular_component,32,5163,122,2,GO:0030802,0,0.21
GO:0030659,143,cytoplasmic vesicle membrane,cellular_component,35,149,132,2,GO:0016020,0,0.27
GO:0000502,102,proteasome complex,cellular_component,124,4863,174,2,GO:0000502,1,0.66
GO:0045171,185,intercellular bridge,cellular_component,10,1180,104,2,GO:0032552,0,0.56
GO:0033116,140,endoplasmic reticulum-Golgi intermediate compartment membrane,cellular_component,7,23,137,2,GO:0072560,0,0.53
GO:0005762,196,mitochondrial large ribosomal subunit,cellular_component,18,535,95,2,GO:0042771,0,0.48
GO:0005669,134,transcription factor TFIID complex,cellular_component,17,82,144,2,GO:0005667,0,0.35
GO:0090543,51,Flemming body,cellular_component,6,149,265,3,GO:0032393,0,0.33
GO:0031462,64,Cul2-RING ubiquitin ligase complex,cellular_component,1,2,231,3,GO:0019005,0,0.2
GO:0045177,79,apical part of cell,cellular_component,88,394,195,3,GO:0045176,0,0.3
GO:0016592,69,mediator complex,cellular_component,17,8391,219,3,GO:0030536,0,0.19
GO:0000813,69,ESCRT I complex,cellular_component,4,765,216,3,GO:0038060,0,0.26
GO:0000307,60,cyclin-dependent protein kinase holoenzyme complex,cellular_component,43,215,245,3,GO:0004672,0,0.27
GO:0005879,76,axonemal microtubule,cellular_component,3,409,204,3,GO:0032154,0,0.23
GO:0071944,61,cell periphery,cellular_component,226,21392,238,3,GO:0005911,0,0.36
GO:0097381,67,photoreceptor disc membrane,cellular_component,0,130,223,3,GO:0033083,0,0.27
GO:0042645,59,mitochondrial nucleoid,cellular_component,10,1007,247,3,GO:0000139,0,0.48
GO:0035102,36,PRC1 complex,cellular_component,6,1889,350,4,GO:0032380,0,0.23
GO:0000407,47,phagophore assembly site,cellular_component,14,998,281,4,GO:0015023,0,0.27
GO:0008250,46,oligosaccharyltransferase complex,cellular_component,7,895,282,4,GO:0042626,0,0.29
GO:0000794,46,condensed nuclear chromosome,cellular_component,24,143,284,4,GO:0000784,0,0.19
GO:0005791,35,rough endoplasmic reticulum,cellular_component,16,16745,359,4,GO:0005794,0,0.19
GO:0034464,38,BBSome,cellular_component,5,1660,327,4,GO:0032708,0,0.24
GO:0030016,39,myofibril,cellular_component,92,10697,321,4,GO:0030014,0,0.31
GO:0032281,38,AMPA glutamate receptor complex,cellular_component,10,9,328,4,GO:0008228,0,0.28
GO:0030014,38,CCR4-NOT complex,cellular_component,7,2209,324,4,GO:0032774,0,0.41
GO:0072546,39,EMC complex,cellular_component,4,97,322,4,GO:0032090,0,0.37
GO:0017119,30,Golgi transport complex,cellular_component,7,150,396,5,GO:0006888,0,0.51
GO:0030126,30,COPI vesicle coat,cellular_component,14,277,397,5,GO:0030138,0,0.34
GO:0070578,30,RISC-loading complex,cellular_component,3,640,405,5,GO:0015734,0,0.21
GO:0000333,25,telomerase catalytic core complex,cellular_component,1,4,450,5,GO:0030287,0,0.28
GO:0005761,27,mitochondrial ribosome,cellular_component,34,3534,429,5,GO:0003735,0,0.46
GO:0032839,27,dendrite cytoplasm,cellular_component,6,5,430,5,GO:0049233,0,0.32
GO:0045259,31,proton-transporting ATP synthase complex,cellular_component,23,309,393,5,GO:0015977,0,0.48
GO:0030122,26,AP-2 adaptor complex,cellular_component,5,581,440,5,GO:0000162,0,0.44
GO:0005892,30,acetylcholine-gated channel complex,cellular_component,15,2,402,5,GO:0005262,0,0.29
GO:0005955,29,calcineurin complex,cellular_component,4,149,407,5,GO:0030869,0,0.26
GO:0016528,19,sarcoplasm,cellular_component,18,3657,526,6,GO:0032887,0,0.32
GO:0001527,23,microfibril,cellular_component,10,6701,462,6,GO:0042302,0,0.2
GO:0033588,19,elongator holoenzyme complex,cellular_component,3,4,530,6,GO:0030175,0,0.24
GO:0099078,22,BORC complex,cellular_component,0,95,484,6,GO:0032267,0,0.29
GO:0098574,19,cytoplasmic side of lysosomal membrane,cellular_component,0,0,519,6,GO:0030669,0,0.46
GO:1902554,21,serine/threonine protein kinase complex,cellular_component,21,204,493,6,GO:0016301,0,0.2
GO:0034709,19,methylosome,cellular_component,7,629,529,6,GO:0034470,0,0.35
GO:0031092,18,platelet alpha granule membrane,cellular_component,11,341,543,6,GO:0030240,0,0.35
GO:0042721,18,TIM22 mitochondrial import inner membrane insertion complex,cellular_component,1,0,544,6,GO:0070975,0,0.21
GO:0031143,18,pseudopodium,cellular_component,5,1010,537,6,GO:0030143,0,0.3
GO:1990072,14,TRAPPIII protein complex,cellular_component,1,0,629,7,GO:0008592,0,0.19
GO:0000812,16,Swr1 complex,cellular_component,7,781,582,7,GO:0032887,0,0.2
GO:1990391,14,DNA repair complex,cellular_component,12,1890,627,7,GO:0090307,0,0.29
GO:0140288,14,GBAF complex,cellular_component,0,12,631,7,GO:0032536,0,0.52
GO:0042589,17,zymogen granule membrane,cellular_component,3,356,557,7,GO:0033081,0,0.34
GO:0031415,17,NatA complex,cellular_component,0,240,550,7,GO:0006457,0,0.19
GO:0097440,16,apical dendrite,cellular_component,4,5167,577,7,GO:0043203,0,0.39
GO:0016586,16,RSC-type complex,cellular_component,1,0,598,7,GO:0032463,0,0.32
GO:1990316,17,Atg1/ULK1 kinase complex,cellular_component,3,0,554,7,GO:1990238,0,0.32
GO:0008385,16,IkappaB kinase complex,cellular_component,2,4305,590,7,GO:0038106,0,0.42
GO:0005584,12,collagen type I trimer,cellular_component,16,38,707,8,GO:0005259,0,0.33
GO:0071006,13,U2-type catalytic step 1 spliceosome,cellular_component,5,0,674,8,GO:0000398,0,0.55
GO:1904930,13,amphisome membrane,cellular_component,1,0,676,8,GO:0031909,0,0.31
GO:0000930,14,gamma-tubulin complex,cellular_component,0,1039,644,8,GO:0000786,0,0.37
GO:0032021,12,NELF complex,cellular_component,3,327,685,8,GO:0035869,0,0.25
GO:0097169,13,AIM2 inflammasome complex,cellular_component,1,74,679,8,GO:0035767,0,0.19
GO:0160112,13,axonemal B tubule inner sheath,cellular_component,0,0,668,8,GO:0033016,0,0.32
GO:0044194,14,cytolytic granule,cellular_component,5,883,651,8,GO:0031438,0,0.27
GO:0031436,12,BRCA1-BARD1 complex,cellular_component,2,518,697,8,GO:0036091,0,0.27
GO:0097550,13,transcription preinitiation complex,cellular_component,0,954,673,8,GO:0000126,0,0.24
GO:0042641,11,actomyosin,cellular_component,17,29817,747,9,GO:0015629,0,0.3
GO:0005915,10,zonula adherens,cellular_component,6,2162,779,9,GO:0030019,0,0.27
GO:1990229,11,iron-sulfur cluster assembly complex,cellular_component,3,117,762,9,GO:0008276,0,0.33
GO:0008352,10,katanin complex,cellular_component,0,61,802,9,GO:0030890,0,0.24
GO:0030061,9,mitochondrial crista,cellular_component,0,692,817,9,GO:0005743,0,0.27
GO:0120103,10,centriolar subdistal appendage,cellular_component,2,1,810,9,GO:0035869,0,0.27
GO:0030119,10,AP-type membrane coat adaptor complex,cellular_component,10,0,811,9,GO:0030127,0,0.27
GO:0033565,10,ESCRT-0 complex,cellular_component,2,539,778,9,GO:0038061,0,0.32
GO:0008541,10,"proteasome regulatory particle, lid subcomplex",cellular_component,4,0,784,9,GO:00316234,0,0.28
GO:0034363,11,intermediate-density lipoprotein particle,cellular_component,5,36,749,9,GO:0034363,1,0.19
GO:0097450,8,astrocyte end-foot,cellular_component,3,51,893,10,GO:0044430,0,0.37
GO:0000811,9,GINS complex,cellular_component,1,1066,852,10,GO:0032549,0,0.28
GO:0072357,8,PTW/PP1 phosphatase complex,cellular_component,7,0,888,10,GO:0017076,0,0.22
GO:0005740,9,mitochondrial envelope,cellular_component,88,585,829,10,GO:0005740,1,0.27
GO:0098666,9,G protein-coupled serotonin receptor complex,cellular_component,0,0,831,10,GO:0032263,0,0.31
GO:0034751,8,aryl hydrocarbon receptor complex,cellular_component,1,819,895,10,GO:0046966,0,0.23
GO:0090571,9,RNA polymerase II transcription repressor complex,cellular_component,2,0,847,10,GO:0030529,0,0.28
GO:0001940,9,male pronucleus,cellular_component,0,2001,823,10,GO:0008584,0,0.27
GO:0071141,9,SMAD protein complex,cellular_component,4,156,838,10,GO:0031974,0,0.31
GO:0060201,9,clathrin-sculpted acetylcholine transport vesicle membrane,cellular_component,1,0,850,10,GO:0030669,0,0.44
GO:0005954,6,calcium- and calmodulin-dependent protein kinase complex,cellular_component,6,8,993,11,GO:0004674,0,0.27
GO:0044354,7,macropinosome,cellular_component,1,1232,953,11,GO:0031909,0,0.23
GO:0071598,7,neuronal ribonucleoprotein granule,cellular_component,1,5,936,11,GO:0030529,0,0.25
GO:1990696,7,USH2 complex,cellular_component,0,57,955,11,GO:00328680,0,0.32
GO:1990604,7,IRE1-TRAF2-ASK1 complex,cellular_component,0,40,954,11,GO:00316233,0,0.33
GO:0098890,7,extrinsic component of postsynaptic membrane,cellular_component,0,0,924,11,GO:0098796,0,0.36
GO:0070985,7,transcription factor TFIIK complex,cellular_component,2,0,933,11,GO:0005667,0,0.49
GO:0099617,7,matrix side of mitochondrial inner membrane,cellular_component,0,0,923,11,GO:0005743,0,0.31
GO:0034388,6,Pwp2p-containing subcomplex of 90S preribosome,cellular_component,3,0,992,11,GO:0032172,0,0.3
GO:0005622,6,intracellular anatomical structure,cellular_component,479,194,995,11,GO:0044424,0,0.34
GO:0140552,6,TEAD-YAP complex,cellular_component,1,825,1046,12,GO:0038066,0,0.27
GO:0071817,6,MMXD complex,cellular_component,0,3,1011,12,GO:0032541,0,0.19
GO:1990617,6,CHOP-ATF4 complex,cellular_component,0,0,1027,12,GO:0034976,0,0.28
GO:0048476,6,Holliday junction resolvase complex,cellular_component,1,17,1035,12,GO:0000166,0,0.24
GO:0030526,5,granulocyte macrophage colony-stimulating factor receptor complex,cellular_component,0,23,1088,12,GO:0030705,0,0.21
GO:0043293,6,apoptosome,cellular_component,0,10821,1008,12,GO:0006918,0,0.2
GO:0017071,6,intracellular cyclic nucleotide activated cation channel complex,cellular_component,1,4,1034,12,GO:0005261,0,0.44
GO:0031213,5,RSF complex,cellular_component,0,122,1082,12,GO:0032557,0,0.25
GO:0031422,6,RecQ family helicase-topoisomerase III complex,cellular_component,0,0,1029,12,GO:0034976,0,0.24
GO:0098635,6,protein complex involved in cell-cell adhesion,cellular_component,0,0,1049,12,GO:0034613,0,0.41
GO:0099147,5,extrinsic component of postsynaptic density membrane,cellular_component,0,0,1125,13,GO:0098796,0,0.22
GO:0090733,4,tenascin complex,cellular_component,0,0,1160,13,GO:0042332,0,0.22
GO:0048788,5,cytoskeleton of presynaptic active zone,cellular_component,4,0,1113,13,GO:0048477,0,0.24
GO:0016013,4,syntrophin complex,cellular_component,1,30,1162,13,GO:0030016,0,0.39
GO:0033165,5,interphotoreceptor matrix,cellular_component,1,1154,1142,13,GO:0042803,0,0.2
GO:0097470,5,ribbon synapse,cellular_component,2,2856,1128,13,GO:0043209,0,0.3
GO:0043259,5,laminin-10 complex,cellular_component,1,0,1106,13,GO:0005844,0,0.31
GO:0034518,4,RNA cap binding complex,cellular_component,1,39,1163,13,GO:0000212,0,0.23
GO:0099512,5,supramolecular fiber,cellular_component,37,487,1094,13,GO:0044422,0,0.3
GO:0099738,4,cell cortex region,cellular_component,5,7,1174,13,GO:0048477,0,0.26
GO:0097268,4,cytoophidium,cellular_component,0,156,1258,14,GO:0044453,0,0.22
GO:0097444,4,spine apparatus,cellular_component,1,785,1196,14,GO:0042475,0,0.26
GO:0072588,4,box H/ACA RNP complex,cellular_component,2,0,1223,14,GO:00344791,0,0.27
GO:0035632,4,mitochondrial prohibitin complex,cellular_component,0,127,1257,14,GO:0005743,0,0.25
GO:0098888,4,extrinsic component of presynaptic membrane,cellular_component,0,0,1211,14,GO:0098796,0,0.22
GO:0032116,4,SMC loading complex,cellular_component,0,2,1259,14,GO:0032548,0,0.31
GO:0097233,4,alveolar lamellar body membrane,cellular_component,1,0,1201,14,GO:0033089,0,0.3
GO:0016513,4,core-binding factor complex,cellular_component,0,32,1248,14,GO:0005667,0,0.34
GO:0035363,4,histone locus body,cellular_component,1,355,1200,14,GO:0035230,0,0.32
GO:0005927,4,muscle tendon junction,cellular_component,1,860,1192,14,GO:0048008,0,0.22
GO:0097135,3,cyclin E2-CDK2 complex,cellular_component,1,2,1326,15,GO:0008270,0,0.19
GO:0097129,3,cyclin D2-CDK4 complex,cellular_component,0,37,1359,15,GO:0038063,0,0.28
GO:0034456,3,UTP-C complex,cellular_component,0,6,1362,15,GO:0032549,0,0.22
GO:0036195,3,muscle cell projection membrane,cellular_component,0,0,1336,15,GO:0042995,0,0.22
GO:0120338,3,radial spoke head 3,cellular_component,0,1,1353,15,GO:0032455,0,0.26
GO:0042022,3,interleukin-12 receptor complex,cellular_component,0,169,1305,15,GO:0032482,0,0.18
GO:0072563,3,endothelial microparticle,cellular_component,0,990,1300,15,GO:0070088,0,0.34
GO:1990682,3,CSF1-CSF1R complex,cellular_component,0,4,1355,15,GO:0031618,0,0.19
GO:0036409,3,histone H3-K14 acetyltransferase complex,cellular_component,0,0,1339,15,GO:0034962,0,0.25
GO:0031523,3,Myb complex,cellular_component,1,118,1291,15,GO:0038023,0,0.22
GO:0005608,3,laminin-3 complex,cellular_component,3,0,1378,16,GO:0005610,0,0.22
GO:0034360,2,chylomicron remnant,cellular_component,0,961,1427,16,GO:0030168,0,0.28
GO:0160074,2,non-canonical inflammasome complex,cellular_component,0,2,1452,16,GO:0031974,0,0.3
GO:0097128,2,cyclin D1-CDK4 complex,cellular_component,0,617,1431,16,GO:0004672,0,0.19
GO:0005583,2,fibrillar collagen trimer,cellular_component,42,127,1421,16,GO:0005581,0,0.28
GO:0070274,2,RES complex,cellular_component,0,130,1441,16,GO:0030163,0,0.18
GO:0036501,2,UFD1-NPL4 complex,cellular_component,0,95,1444,16,GO:0031333,0,0.34
GO:0035985,3,senescence-associated heterochromatin focus,cellular_component,2,1,1384,16,GO:0043483,0,0.17
GO:1904974,2,heparanase complex,cellular_component,0,3,1449,16,GO:0030216,0,0.2
GO:0097179,2,protease inhibitor complex,cellular_component,0,533,1432,16,GO:0008233,0,0.3
GO:1990724,2,galectin complex,cellular_component,1,3,1533,17,GO:0048043,0,0.4
GO:0043512,2,inhibin A complex,cellular_component,0,0,1513,17,GO:0032570,0,0.25
GO:0160110,2,axonemal microtubule doublet inner sheath,cellular_component,0,0,1485,17,GO:0032154,0,0.34
GO:0042709,2,succinate-CoA ligase complex,cellular_component,1,7,1539,17,GO:0042803,0,0.42
GO:1902937,2,inward rectifier potassium channel complex,cellular_component,0,0,1473,17,GO:0005216,0,0.36
GO:0035859,2,Seh1-associated complex,cellular_component,1,7,1538,17,GO:0032541,0,0.25
GO:1990030,2,pericellular basket,cellular_component,1,48,1541,17,GO:0044430,0,0.28
GO:0010370,2,perinucleolar chromocenter,cellular_component,1,1,1525,17,GO:0034622,0,0.37
GO:0150058,2,amylin receptor complex 3,cellular_component,0,0,1476,17,GO:1990445,0,0.28
GO:0005848,2,mRNA cleavage stimulating factor complex,cellular_component,0,1,1471,17,GO:0035025,0,0.21
GO:1990184,2,amino acid transport complex,cellular_component,2,2,1555,18,GO:0015849,0,0.27
GO:0033291,1,eukaryotic 80S initiation complex,cellular_component,0,0,1591,18,GO:0000120,0,0.24
GO:0061742,1,chaperone-mediated autophagy translocation complex,cellular_component,0,0,1630,18,GO:0072510,0,0.29
GO:0036053,1,glomerular endothelium fenestra,cellular_component,0,0,1638,18,GO:0032301,0,0.22
GO:0031205,1,endoplasmic reticulum Sec complex,cellular_component,0,0,1597,18,GO:0005791,0,0.26
GO:0005599,1,collagen type X trimer,cellular_component,0,0,1608,18,GO:0005258,0,0.37
GO:0071261,1,Ssh1 translocon complex,cellular_component,0,1,1599,18,GO:0030010,0,0.19
GO:1990150,1,VEGF-A complex,cellular_component,0,0,1632,18,GO:0030073,0,0.18
GO:0120003,1,hinge region between urothelial plaques of apical plasma membrane,cellular_component,0,0,1635,18,GO:0098796,0,0.36
GO:0035693,1,NOS2-CD74 complex,cellular_component,0,0,1618,18,GO:0032261,0,0.18
GO:0005898,1,interleukin-13 receptor complex,cellular_component,0,27,1676,19,GO:0032610,0,0.26
GO:0097140,1,BIM-BCL-xl complex,cellular_component,0,3,1681,19,GO:0030890,0,0.33
GO:0090636,1,outer dense plaque of desmosome,cellular_component,1,0,1719,19,GO:0030019,0,0.3
GO:1990231,1,STING complex,cellular_component,0,120,1659,19,GO:0030887,0,0.25
GO:1990435,1,upper tip-link density,cellular_component,0,135,1675,19,GO:0032154,0,0.26
GO:0005895,1,interleukin-5 receptor complex,cellular_component,0,1,1693,19,GO:0032489,0,0.28
GO:0000112,1,nucleotide-excision repair factor 3 complex,cellular_component,0,2,1692,19,GO:0003684,0,0.28
GO:0044299,1,C-fiber,cellular_component,1,10221,1639,19,GO:0014033,0,0.24
GO:0005582,1,collagen type XV trimer,cellular_component,1,0,1723,19,GO:0005584,0,0.25
GO:0120220,1,basal body patch,cellular_component,0,10,1698,19,GO:0032154,0,0.47
GO:0070176,1,DRM complex,cellular_component,2,16,1743,20,GO:0032549,0,0.31
GO:0120234,1,stereocilium coat,cellular_component,0,0,1804,20,GO:0031253,0,0.22
GO:0097541,1,axonemal basal plate,cellular_component,1,1,1775,20,GO:0032154,0,0.39
GO:0005880,1,nuclear microtubule,cellular_component,2,181,1738,20,GO:0048477,0,0.31
GO:0097462,1,Lewy neurite,cellular_component,1,697,1755,20,GO:0097393,0,0.58
GO:0098541,1,cytoplasmic side of trans-Golgi network transport vesicle membrane,cellular_component,0,0,1788,20,GO:0016023,0,0.37
GO:0002189,1,ribose phosphate diphosphokinase complex,cellular_component,0,0,1781,20,GO:0032547,0,0.22
GO:0008303,1,caspase complex,cellular_component,3,63,1827,20,GO:0006915,0,0.33
GO:0000417,1,HIR complex,cellular_component,3,213,1826,20,GO:0032549,0,0.33
GO:0031592,1,centrosomal corona,cellular_component,2,14,1744,20,GO:0098796,0,0.29
GO:0045600,60,positive regulation of fat cell differentiation,biological_process,,,517,1,GO:0045595,0,0.19
GO:0043524,168,negative regulation of neuron apoptotic process,biological_process,,,122,1,GO:0043525,0,0.24
GO:0033209,84,tumor necrosis factor-mediated signaling pathway,biological_process,,,315,1,GO:0060256,0,0.25
GO:0008544,83,epidermis development,biological_process,,,320,1,GO:0048666,0,0.28
GO:0006298,60,mismatch repair,biological_process,,,516,1,GO:0000638,0,0.3
GO:0009952,93,anterior/posterior pattern specification,biological_process,,,277,1,GO:0009952,1,0.24
GO:0031640,293,killing of cells of another organism,biological_process,,,54,1,GO:0016021,0,0.18
GO:0007264,97,small GTPase-mediated signal transduction,biological_process,,,260,1,GO:0007264,1,0.18
GO:0006886,275,intracellular protein transport,biological_process,,,57,1,GO:0006888,0,0.39
GO:0042981,226,regulation of apoptotic process,biological_process,,,79,1,GO:0048519,0,0.23
GO:0031663,41,lipopolysaccharide-mediated signaling pathway,biological_process,,,828,2,GO:0032669,0,0.22
GO:0051384,49,response to glucocorticoid,biological_process,,,656,2,GO:0051333,0,0.17
GO:0048870,45,cell motility,biological_process,,,734,2,GO:0007229,0,0.17
GO:0070102,40,interleukin-6-mediated signaling pathway,biological_process,,,837,2,GO:0060256,0,0.17
GO:0001657,38,ureteric bud development,biological_process,,,900,2,GO:0001822,0,0.26
GO:0009409,33,response to cold,biological_process,,,1077,2,GO:0009266,0,0.26
GO:0048839,46,inner ear development,biological_process,,,714,2,GO:0060548,0,0.27
GO:0031116,35,positive regulation of microtubule polymerization,biological_process,,,992,2,GO:0032548,0,0.33
GO:2001238,50,positive regulation of extrinsic apoptotic signaling pathway,biological_process,,,642,2,GO:0097192,0,0.18
GO:0075523,34,viral translational frameshifting,biological_process,,,1035,2,GO:0040020,0,0.22
GO:0019229,21,regulation of vasoconstriction,biological_process,,,1736,3,GO:0009266,0,0.33
GO:0070213,22,protein auto-ADP-ribosylation,biological_process,,,1630,3,GO:0010181,0,0.27
GO:0006607,27,NLS-bearing protein import into nucleus,biological_process,,,1327,3,GO:0006606,0,0.41
GO:0016486,24,peptide hormone processing,biological_process,,,1495,3,GO:0072578,0,0.33
GO:0000375,25,"RNA splicing, via transesterification reactions",biological_process,,,1467,3,GO:0006376,0,0.31
GO:0044546,21,NLRP3 inflammasome complex assembly,biological_process,,,1696,3,GO:0070264,0,0.31
GO:0036092,26,phosphatidylinositol-3-phosphate biosynthetic process,biological_process,,,1378,3,GO:0046483,0,0.19
GO:0035338,22,long-chain fatty-acyl-CoA biosynthetic process,biological_process,,,1653,3,GO:0052650,0,0.27
GO:0070327,23,thyroid hormone transport,biological_process,,,1567,3,GO:0015849,0,0.33
GO:0021772,21,olfactory bulb development,biological_process,,,1731,3,GO:0021536,0,0.33
GO:0050848,16,regulation of calcium-mediated signaling,biological_process,,,2239,4,GO:0010629,0,0.19
GO:0015755,19,fructose transmembrane transport,biological_process,,,1901,4,GO:0015075,0,0.42
GO:0019370,19,leukotriene biosynthetic process,biological_process,,,1914,4,GO:0042445,0,0.24
GO:0098712,18,L-glutamate import across plasma membrane,biological_process,,,1929,4,GO:0006833,0,0.3
GO:0006665,17,sphingolipid metabolic process,biological_process,,,2183,4,GO:0006684,0,0.2
GO:0086004,16,regulation of cardiac muscle cell contraction,biological_process,,,2231,4,GO:0051743,0,0.25
GO:0010887,16,negative regulation of cholesterol storage,biological_process,,,2194,4,GO:0010884,0,0.31
GO:0048388,16,endosomal lumen acidification,biological_process,,,2216,4,GO:0046686,0,0.17
GO:0086009,16,membrane repolarization,biological_process,,,2247,4,GO:0032870,0,0.28
GO:0072520,16,seminiferous tubule development,biological_process,,,2190,4,GO:0030325,0,0.25
GO:0008090,13,retrograde axonal transport,biological_process,,,2707,5,GO:0010822,0,0.2
GO:0034975,13,protein folding in endoplasmic reticulum,biological_process,,,2706,5,GO:0006626,0,0.22
GO:0046621,12,negative regulation of organ growth,biological_process,,,2793,5,GO:0040014,0,0.17
GO:0019852,14,L-ascorbic acid metabolic process,biological_process,,,2525,5,GO:0006807,0,0.44
GO:0046037,12,GMP metabolic process,biological_process,,,2903,5,GO:0009110,0,0.25
GO:2001214,12,positive regulation of vasculogenesis,biological_process,,,2953,5,GO:0048592,0,0.66
GO:1990108,13,protein linear deubiquitination,biological_process,,,2664,5,GO:0097254,0,0.22
GO:0099159,11,regulation of modification of postsynaptic structure,biological_process,,,3058,5,GO:0048706,0,0.5
GO:2000049,13,positive regulation of cell-cell adhesion mediated by cadherin,biological_process,,,2762,5,GO:1901024,0,0.27
GO:0032026,13,response to magnesium ion,biological_process,,,2745,5,GO:0051574,0,0.2
GO:0051451,9,myoblast migration,biological_process,,,3622,6,GO:0030316,0,0.3
GO:1903829,11,positive regulation of protein localization,biological_process,,,3128,6,GO:0045181,0,0.31
GO:0000301,10,"retrograde transport, vesicle recycling within Golgi",biological_process,,,3279,6,GO:0006888,0,0.28
GO:0060296,10,regulation of cilium beat frequency involved in ciliary motility,biological_process,,,3296,6,GO:0060081,0,0.33
GO:0008535,9,respiratory chain complex IV assembly,biological_process,,,3539,6,GO:0042779,0,0.42
GO:1902270,10,(R)-carnitine transmembrane transport,biological_process,,,3352,6,GO:0015849,0,0.3
GO:0045839,9,negative regulation of mitotic nuclear division,biological_process,,,3653,6,GO:0051726,0,0.19
GO:0061518,9,microglial cell proliferation,biological_process,,,3514,6,GO:0048468,0,0.24
GO:2000052,9,positive regulation of non-canonical Wnt signaling pathway,biological_process,,,3559,6,GO:0060738,0,0.22
GO:0021516,9,dorsal spinal cord development,biological_process,,,3665,6,GO:0021512,0,0.33
GO:0035340,9,inosine transport,biological_process,,,3742,7,GO:0015849,0,0.2
GO:0043267,8,negative regulation of potassium ion transport,biological_process,,,3984,7,GO:0051924,0,0.48
GO:0010706,8,ganglioside biosynthetic process via lactosylceramide,biological_process,,,4084,7,GO:0046528,0,0.17
GO:2000020,8,positive regulation of male gonad development,biological_process,,,3944,7,GO:0048858,0,0.19
GO:2000177,9,regulation of neural precursor cell proliferation,biological_process,,,3775,7,GO:0048701,0,0.16
GO:0071287,9,cellular response to manganese ion,biological_process,,,3716,7,GO:0046686,0,0.22
GO:0071076,8,RNA 3' uridylation,biological_process,,,3893,7,GO:0032250,0,0.17
GO:0061180,8,mammary gland epithelium development,biological_process,,,4072,7,GO:0030878,0,0.18
GO:0050428,9,3'-phosphoadenosine 5'-phosphosulfate biosynthetic process,biological_process,,,3748,7,GO:0009058,0,0.28
GO:0070234,8,positive regulation of T cell apoptotic process,biological_process,,,3993,7,GO:0043065,0,0.28
GO:0006650,6,glycerophospholipid metabolic process,biological_process,,,4877,8,GO:0019438,0,0.34
GO:0032025,6,response to cobalt ion,biological_process,,,4573,8,GO:0046981,0,0.36
GO:0048755,6,branching morphogenesis of a nerve,biological_process,,,4599,8,GO:0048666,0,0.19
GO:0051608,7,histamine transport,biological_process,,,4355,8,GO:0015790,0,0.28
GO:0141137,6,"positive regulation of gene expression, epigenetic",biological_process,,,4637,8,GO:0030574,0,0.21
GO:0050851,6,antigen receptor-mediated signaling pathway,biological_process,,,4595,8,GO:0050851,1,0.28
GO:0071731,6,response to nitric oxide,biological_process,,,4555,8,GO:0000304,0,0.2
GO:0006172,7,ADP biosynthetic process,biological_process,,,4404,8,GO:0006160,0,0.33
GO:0000957,6,mitochondrial RNA catabolic process,biological_process,,,4775,8,GO:0003730,0,0.3
GO:1903691,6,"positive regulation of wound healing, spreading of epidermal cells",biological_process,,,4594,8,GO:0048648,0,0.26
GO:0002724,5,regulation of T cell cytokine production,biological_process,,,5066,9,GO:0051099,0,0.41
GO:1901984,5,negative regulation of protein acetylation,biological_process,,,5293,9,GO:0061363,0,0.31
GO:0032946,5,positive regulation of mononuclear cell proliferation,biological_process,,,5149,9,GO:0032943,0,0.25
GO:0006554,5,lysine catabolic process,biological_process,,,5486,9,GO:0043498,0,0.28
GO:1901911,5,adenosine 5'-(hexahydrogen pentaphosphate) catabolic process,biological_process,,,5261,9,GO:0043155,0,0.37
GO:0050672,5,negative regulation of lymphocyte proliferation,biological_process,,,5513,9,GO:0051090,0,0.19
GO:0051754,5,"meiotic sister chromatid cohesion, centromeric",biological_process,,,5477,9,GO:0033680,0,0.41
GO:0051900,5,regulation of mitochondrial depolarization,biological_process,,,5315,9,GO:0032835,0,0.21
GO:0045794,5,negative regulation of cell volume,biological_process,,,5359,9,GO:0042327,0,0.19
GO:0060168,5,positive regulation of adenosine receptor signaling pathway,biological_process,,,5088,9,GO:0060660,0,0.22
GO:0061724,4,lipophagy,biological_process,,,6075,10,GO:0010146,0,0.3
GO:0002328,4,pro-B cell differentiation,biological_process,,,5796,10,GO:0046640,0,0.31
GO:0035910,4,ascending aorta morphogenesis,biological_process,,,6047,10,GO:0060439,0,0.2
GO:0006907,5,pinocytosis,biological_process,,,5606,10,GO:0006888,0,0.31
GO:0055118,5,negative regulation of cardiac muscle contraction,biological_process,,,5627,10,GO:0051310,0,0.3
GO:1901185,4,negative regulation of ERBB signaling pathway,biological_process,,,6131,10,GO:0010544,0,0.19
GO:2000360,4,negative regulation of binding of sperm to zona pellucida,biological_process,,,5729,10,GO:0060964,0,0.34
GO:0090118,5,receptor-mediated endocytosis involved in cholesterol transport,biological_process,,,5562,10,GO:0019889,0,0.17
GO:0072177,5,mesonephric duct development,biological_process,,,5671,10,GO:0001881,0,0.31
GO:0072107,4,positive regulation of ureteric bud formation,biological_process,,,5742,10,GO:0045944,0,0.33
GO:0018277,3,protein deamination,biological_process,,,6742,11,GO:0006473,0,0.25
GO:0014034,4,neural crest cell fate commitment,biological_process,,,6455,11,GO:0001747,0,0.33
GO:2001206,4,positive regulation of osteoclast development,biological_process,,,6338,11,GO:0045675,0,0.27
GO:1904723,4,negative regulation of Wnt-Frizzled-LRP5/6 complex assembly,biological_process,,,6510,11,GO:1904030,0,0.22
GO:0035815,4,positive regulation of renal sodium excretion,biological_process,,,6456,11,GO:0032879,0,0.23
GO:0046058,4,cAMP metabolic process,biological_process,,,6258,11,GO:0042507,0,0.22
GO:1901896,4,positive regulation of ATPase-coupled calcium transmembrane transporter activity,biological_process,,,6320,11,GO:1902216,0,0.27
GO:0030718,4,germ-line stem cell population maintenance,biological_process,,,6239,11,GO:0048468,0,0.22
GO:0002904,3,positive regulation of B cell apoptotic process,biological_process,,,6755,11,GO:0043378,0,0.3
GO:0048483,3,autonomic nervous system development,biological_process,,,6724,11,GO:0021512,0,0.52
GO:0000448,3,"cleavage in ITS2 between 5.8S rRNA and LSU-rRNA of tricistronic rRNA transcript (SSU-rRNA, 5.8S rRNA, LSU-rRNA)",biological_process,,,7108,12,GO:0042254,0,0.38
GO:0072752,3,cellular response to rapamycin,biological_process,,,6844,12,GO:0034976,0,0.73
GO:0030328,3,prenylcysteine catabolic process,biological_process,,,6948,12,GO:0046541,0,0.25
GO:0050866,3,negative regulation of cell activation,biological_process,,,7026,12,GO:0051726,0,0.34
GO:0015786,3,UDP-glucose transmembrane transport,biological_process,,,7076,12,GO:0015849,0,0.39
GO:0032430,3,positive regulation of phospholipase A2 activity,biological_process,,,6816,12,GO:0010718,0,0.39
GO:2000156,3,"regulation of retrograde vesicle-mediated transport, Golgi to ER",biological_process,,,7006,12,GO:0016192,0,0.55
GO:0042559,3,pteridine-containing compound biosynthetic process,biological_process,,,6814,12,GO:0042444,0,0.34
GO:0051438,3,regulation of ubiquitin-protein transferase activity,biological_process,,,6958,12,GO:0031398,0,0.28
GO:1903593,3,regulation of histamine secretion by mast cell,biological_process,,,7086,12,GO:0072573,0,0.44
GO:0045058,3,T cell selection,biological_process,,,7640,13,GO:0001776,0,0.72
GO:0060255,2,regulation of macromolecule metabolic process,biological_process,,,7892,13,GO:0019538,0,0.55
GO:0010641,3,positive regulation of platelet-derived growth factor receptor signaling pathway,biological_process,,,7523,13,GO:0048008,0,0.28
GO:1904695,2,positive regulation of vascular associated smooth muscle contraction,biological_process,,,7867,13,GO:0048694,0,0.69
GO:0072683,3,T cell extravasation,biological_process,,,7762,13,GO:0002499,0,0.3
GO:0070487,3,monocyte aggregation,biological_process,,,7661,13,GO:0050900,0,0.55
GO:0021965,3,spinal cord ventral commissure morphogenesis,biological_process,,,7489,13,GO:0030903,0,0.78
GO:1904780,2,negative regulation of protein localization to centrosome,biological_process,,,7886,13,GO:0032154,0,0.3
GO:1900106,3,positive regulation of hyaluranon cable assembly,biological_process,,,7391,13,GO:0035198,0,0.46
GO:0032916,2,positive regulation of transforming growth factor beta3 production,biological_process,,,7783,13,GO:0046873,0,0.34
GO:0043368,2,positive T cell selection,biological_process,,,8591,14,GO:0001776,0,0.25
GO:2000017,2,positive regulation of determination of dorsal identity,biological_process,,,8085,14,GO:0040018,0,0.27
GO:0106354,2,tRNA surveillance,biological_process,,,8284,14,GO:0034613,0,0.27
GO:1904094,2,positive regulation of autophagic cell death,biological_process,,,8137,14,GO:0001906,0,0.44
GO:0090212,2,negative regulation of establishment of blood-brain barrier,biological_process,,,8186,14,GO:1903208,0,0.53
GO:0017126,2,nucleologenesis,biological_process,,,8574,14,GO:0000226,0,0.47
GO:0003350,2,pulmonary myocardium development,biological_process,,,8143,14,GO:0003006,0,0.39
GO:0061890,2,positive regulation of astrocyte activation,biological_process,,,8501,14,GO:0050803,0,0.28
GO:0014889,2,muscle atrophy,biological_process,,,8113,14,GO:0042752,0,0.28
GO:0021941,2,negative regulation of cerebellar granule cell precursor proliferation,biological_process,,,8059,14,GO:1903693,0,0.41
GO:2001037,2,positive regulation of tongue muscle cell differentiation,biological_process,,,9018,15,GO:0048666,0,0.66
GO:0010725,2,regulation of primitive erythrocyte differentiation,biological_process,,,9129,15,GO:0048647,0,0.59
GO:1900078,2,positive regulation of cellular response to insulin stimulus,biological_process,,,8912,15,GO:0038182,0,0.43
GO:0016999,2,antibiotic metabolic process,biological_process,,,9092,15,GO:0042713,0,0.41
GO:1902548,2,negative regulation of cellular response to vascular endothelial growth factor stimulus,biological_process,,,9205,15,GO:0032926,0,0.89
GO:2000671,2,regulation of motor neuron apoptotic process,biological_process,,,8866,15,GO:0043525,0,0.63
GO:0090218,2,positive regulation of lipid kinase activity,biological_process,,,8802,15,GO:0010931,0,0.41
GO:1903141,2,negative regulation of establishment of endothelial barrier,biological_process,,,9156,15,GO:1903604,0,0.83
GO:0035802,2,adrenal cortex formation,biological_process,,,9109,15,GO:0030287,0,0.28
GO:0016482,2,cytosolic transport,biological_process,,,8722,15,GO:0048522,0,0.38
GO:0009820,2,alkaloid metabolic process,biological_process,,,9308,16,GO:0042404,0,0.35
GO:0090615,1,mitochondrial mRNA processing,biological_process,,,9707,16,GO:0003735,0,0.33
GO:0060280,1,negative regulation of ovulation,biological_process,,,9602,16,GO:0045944,0,0.3
GO:0035282,1,segmentation,biological_process,,,9712,16,GO:0008347,0,0.39
GO:0021687,1,cerebellar molecular layer morphogenesis,biological_process,,,9617,16,GO:0061040,0,0.44
GO:2000331,1,regulation of terminal button organization,biological_process,,,9734,16,GO:0097428,0,0.34
GO:0015723,1,bilirubin transport,biological_process,,,9817,16,GO:0015849,0,0.46
GO:1902998,2,positive regulation of neurofibrillary tangle assembly,biological_process,,,9370,16,GO:1901822,0,0.34
GO:0035932,1,aldosterone secretion,biological_process,,,9699,16,GO:0007406,0,0.34
GO:0097639,1,L-lysine import across plasma membrane,biological_process,,,9777,16,GO:0006833,0,0.5
GO:0046603,1,negative regulation of mitotic centrosome separation,biological_process,,,10365,17,GO:0035085,0,0.24
GO:1903963,1,arachidonate transport,biological_process,,,10257,17,GO:0015849,0,0.24
GO:0045338,1,farnesyl diphosphate metabolic process,biological_process,,,10441,17,GO:0042440,0,0.36
GO:1901184,1,regulation of ERBB signaling pathway,biological_process,,,10420,17,GO:0038102,0,0.3
GO:0002691,1,regulation of cellular extravasation,biological_process,,,9979,17,GO:0001912,0,0.27
GO:0006014,1,D-ribose metabolic process,biological_process,,,10402,17,GO:0006006,0,0.16
GO:0090174,1,organelle membrane fusion,biological_process,,,10021,17,GO:0016021,0,0.38
GO:0002336,1,B-1 B cell lineage commitment,biological_process,,,10324,17,GO:0046640,0,0.42
GO:0002319,1,memory B cell differentiation,biological_process,,,9984,17,GO:0045188,0,0.39
GO:0006214,1,thymidine catabolic process,biological_process,,,9951,17,GO:0042440,0,0.22
GO:0110119,1,positive regulation of very-low-density lipoprotein particle clearance,biological_process,,,10513,18,GO:0010718,0,0.19
GO:0048239,1,negative regulation of DNA recombination at telomere,biological_process,,,10812,18,GO:0033260,0,0.2
GO:0001100,1,negative regulation of exit from mitosis,biological_process,,,10833,18,GO:0045930,0,0.32
GO:1903165,1,response to polycyclic arene,biological_process,,,11046,18,GO:0042221,0,0.35
GO:0140438,1,protein stearoylation,biological_process,,,10827,18,GO:0015028,0,0.27
GO:0140888,1,interferon-mediated signaling pathway,biological_process,,,10897,18,GO:0060337,0,0.21
GO:0072028,1,nephron morphogenesis,biological_process,,,10871,18,GO:0001822,0,0.25
GO:0090520,1,sphingolipid mediated signaling pathway,biological_process,,,10809,18,GO:0048018,0,0.37
GO:0022004,1,midbrain-hindbrain boundary maturation during brain development,biological_process,,,11028,18,GO:0021539,0,0.45
GO:1905945,1,regulation of response to calcium ion,biological_process,,,11008,18,GO:0032940,0,0.85
GO:0090152,1,establishment of protein localization to mitochondrial membrane involved in mitochondrial fission,biological_process,,,11357,19,GO:0090132,0,0.62
GO:0045763,1,negative regulation of cellular amino acid metabolic process,biological_process,,,11409,19,GO:0045853,0,0.65
GO:0009593,1,detection of chemical stimulus,biological_process,,,11387,19,GO:0007606,0,0.24
GO:0060268,1,negative regulation of respiratory burst,biological_process,,,11215,19,GO:0045829,0,0.26
GO:0046092,1,deoxycytidine metabolic process,biological_process,,,11351,19,GO:1901135,0,0.3
GO:1902999,1,negative regulation of phospholipid efflux,biological_process,,,11481,19,GO:0010288,0,0.29
GO:0032261,1,purine nucleotide salvage,biological_process,,,11438,19,GO:0009118,0,0.35
GO:1903906,1,regulation of plasma membrane raft polarization,biological_process,,,11075,19,GO:0045126,0,0.24
GO:1904550,1,response to arachidonic acid,biological_process,,,11643,19,GO:0009749,0,0.22
GO:0031109,1,microtubule polymerization or depolymerization,biological_process,,,11512,19,GO:0032548,0,0.19
GO:0001695,1,histamine catabolic process,biological_process,,,11765,20,GO:0042440,0,0.32
GO:0140962,1,multicellular organismal-level chemical homeostasis,biological_process,,,12169,20,GO:0055086,0,0.41
GO:1900450,1,negative regulation of glutamate receptor signaling pathway,biological_process,,,11957,20,GO:0032773,0,0.3
GO:2000794,1,regulation of epithelial cell proliferation involved in lung morphogenesis,biological_process,,,11739,20,GO:0060964,0,0.37
GO:0003185,1,sinoatrial valve morphogenesis,biological_process,,,11850,20,GO:0060439,0,0.32
GO:0042749,1,regulation of circadian sleep/wake cycle,biological_process,,,12070,20,GO:0042759,0,0.45
GO:0014740,1,negative regulation of muscle hyperplasia,biological_process,,,12010,20,GO:0048540,0,0.34
GO:0061325,1,cell proliferation involved in outflow tract morphogenesis,biological_process,,,11877,20,GO:0048701,0,0.17
GO:0100001,1,regulation of skeletal muscle contraction by action potential,biological_process,,,12276,20,GO:0086008,0,0.36
GO:0160145,1,negative regulation of GDF15-GFRAL signaling pathway,biological_process,,,11776,20,GO:1901228,0,0.32
GO:0000987,72,cis-regulatory region sequence-specific DNA binding,molecular_function,,,187,1,GO:0003700,0,0.16
GO:0044877,355,protein-containing complex binding,molecular_function,,,45,1,GO:0017076,0,0.26
GO:0004879,118,nuclear receptor activity,molecular_function,,,118,1,GO:0030528,0,0.2
GO:0035091,119,phosphatidylinositol binding,molecular_function,,,117,1,GO:0005543,0,0.17
GO:0035925,69,mRNA 3'-UTR AU-rich region binding,molecular_function,,,194,1,GO:0003725,0,0.19
GO:0003712,134,transcription coregulator activity,molecular_function,,,105,1,GO:0030544,0,0.28
GO:0003700,734,DNA-binding transcription factor activity,molecular_function,,,19,1,GO:0003700,1,0.19
GO:0046983,153,protein dimerization activity,molecular_function,,,94,1,GO:0042802,0,0.2
GO:0001228,655,"DNA-binding transcription activator activity, RNA polymerase II-specific",molecular_function,,,21,1,GO:0000122,0,0.52
GO:0046982,527,protein heterodimerization activity,molecular_function,,,30,1,GO:0042802,0,0.33
GO:0004860,45,protein kinase inhibitor activity,molecular_function,,,308,2,GO:0019538,0,0.25
GO:0001223,55,transcription coactivator binding,molecular_function,,,246,2,GO:0035298,0,0.26
GO:0030331,50,nuclear estrogen receptor binding,molecular_function,,,275,2,GO:0030529,0,0.29
GO:0001221,44,transcription coregulator binding,molecular_function,,,313,2,GO:0030544,0,0.29
GO:0034979,42,NAD-dependent protein lysine deacetylase activity,molecular_function,,,337,2,GO:0036094,0,0.39
GO:0016303,36,1-phosphatidylinositol-3-kinase activity,molecular_function,,,401,2,GO:0016301,0,0.35
GO:0003720,52,telomerase activity,molecular_function,,,267,2,GO:0003724,0,0.45
GO:0005504,40,fatty acid binding,molecular_function,,,365,2,GO:0005496,0,0.33
GO:0042056,56,chemoattractant activity,molecular_function,,,241,2,GO:0006935,0,0.26
GO:0003836,38,"beta-galactoside (CMP) alpha-2,3-sialyltransferase activity",molecular_function,,,382,2,GO:0015016,0,0.46
GO:0004430,22,1-phosphatidylinositol 4-kinase activity,molecular_function,,,648,3,GO:0016308,0,0.2
GO:0035242,24,protein-arginine omega-N asymmetric methyltransferase activity,molecular_function,,,605,3,GO:0100164,0,0.28
GO:0004550,30,nucleoside diphosphate kinase activity,molecular_function,,,497,3,GO:0000162,0,0.32
GO:0043027,27,cysteine-type endopeptidase inhibitor activity involved in apoptotic process,molecular_function,,,560,3,GO:0008637,0,0.27
GO:0043236,27,laminin binding,molecular_function,,,550,3,GO:0008307,0,0.29
GO:0035615,23,clathrin adaptor activity,molecular_function,,,633,3,GO:0030112,0,0.26
GO:0070330,29,aromatase activity,molecular_function,,,518,3,GO:0001668,0,0.23
GO:0016746,24,acyltransferase activity,molecular_function,,,616,3,GO:0016740,0,0.25
GO:0015106,25,bicarbonate transmembrane transporter activity,molecular_function,,,582,3,GO:0015076,0,0.3
GO:0004620,23,phospholipase activity,molecular_function,,,643,3,GO:0016491,0,0.28
GO:0051880,17,G-quadruplex DNA binding,molecular_function,,,836,4,GO:0003697,0,0.3
GO:0004300,20,enoyl-CoA hydratase activity,molecular_function,,,714,4,GO:0033503,0,0.32
GO:0008568,20,microtubule severing ATPase activity,molecular_function,,,718,4,GO:0003924,0,0.18
GO:0140597,20,protein carrier chaperone,molecular_function,,,723,4,GO:0005525,0,0.33
GO:0004931,17,extracellularly ATP-gated monoatomic cation channel activity,molecular_function,,,819,4,GO:0015279,0,0.18
GO:0001091,15,RNA polymerase II general transcription initiation factor binding,molecular_function,,,917,4,GO:0000995,0,0.18
GO:0004862,17,cAMP-dependent protein kinase inhibitor activity,molecular_function,,,822,4,GO:0031103,0,0.25
GO:0015213,17,uridine transmembrane transporter activity,molecular_function,,,833,4,GO:0015076,0,0.35
GO:0010485,17,histone H4 acetyltransferase activity,molecular_function,,,838,4,GO:0061797,0,0.18
GO:0008517,17,folic acid transmembrane transporter activity,molecular_function,,,821,4,GO:0015076,0,0.3
GO:0047066,13,phospholipid-hydroperoxide glutathione peroxidase activity,molecular_function,,,1014,5,GO:1901104,0,0.31
GO:0008486,13,diphosphoinositol-polyphosphate diphosphatase activity,molecular_function,,,1013,5,GO:0016462,0,0.3
GO:0004629,13,phospholipase C activity,molecular_function,,,1043,5,GO:0004622,0,0.24
GO:0050146,14,nucleoside phosphotransferase activity,molecular_function,,,948,5,GO:0016879,0,0.2
GO:0061513,12,glucose 6-phosphate:phosphate antiporter activity,molecular_function,,,1090,5,GO:0072502,0,0.29
GO:0035612,12,AP-2 adaptor complex binding,molecular_function,,,1104,5,GO:0005524,0,0.28
GO:0019841,14,retinol binding,molecular_function,,,999,5,GO:0001668,0,0.28
GO:0008384,12,IkappaB kinase activity,molecular_function,,,1140,5,GO:0004672,0,0.28
GO:0047024,13,"5alpha-androstane-3beta,17beta-diol dehydrogenase activity",molecular_function,,,1033,5,GO:0017158,0,0.21
GO:0030298,13,receptor signaling protein tyrosine kinase activator activity,molecular_function,,,1031,5,GO:0004716,0,0.2
GO:0004831,9,tyrosine-tRNA ligase activity,molecular_function,,,1354,6,GO:0006412,0,0.2
GO:0140537,11,transcription regulator activator activity,molecular_function,,,1174,6,GO:0043257,0,0.28
GO:0036041,9,long-chain fatty acid binding,molecular_function,,,1370,6,GO:0005549,0,0.19
GO:0001181,10,RNA polymerase I general transcription initiation factor activity,molecular_function,,,1235,6,GO:0006366,0,0.31
GO:0005298,9,proline:sodium symporter activity,molecular_function,,,1326,6,GO:0015291,0,0.17
GO:0042806,10,fucose binding,molecular_function,,,1257,6,GO:0008026,0,0.26
GO:0060228,9,phosphatidylcholine-sterol O-acyltransferase activator activity,molecular_function,,,1363,6,GO:0017158,0,0.27
GO:0004605,9,phosphatidate cytidylyltransferase activity,molecular_function,,,1319,6,GO:0016464,0,0.22
GO:0001635,9,calcitonin gene-related peptide receptor activity,molecular_function,,,1336,6,GO:0004958,0,0.18
GO:0004478,9,methionine adenosyltransferase activity,molecular_function,,,1373,6,GO:0004067,0,0.27
GO:0003958,9,NADPH-hemoprotein reductase activity,molecular_function,,,1405,7,GO:0051287,0,0.32
GO:0004559,8,alpha-mannosidase activity,molecular_function,,,1491,7,GO:0004561,0,0.95
GO:0070891,8,lipoteichoic acid binding,molecular_function,,,1530,7,GO:0044421,0,0.33
GO:0050483,8,IMP 5'-nucleotidase activity,molecular_function,,,1480,7,GO:0009111,0,0.18
GO:0005368,8,taurine transmembrane transporter activity,molecular_function,,,1417,7,GO:0006836,0,0.29
GO:0030144,9,"alpha-1,6-mannosylglycoprotein 6-beta-N-acetylglucosaminyltransferase activity",molecular_function,,,1396,7,GO:0006460,0,0.33
GO:0017064,8,fatty acid amide hydrolase activity,molecular_function,,,1463,7,GO:0036314,0,0.24
GO:0050544,8,arachidonic acid binding,molecular_function,,,1526,7,GO:0030258,0,0.2
GO:0044390,9,ubiquitin-like protein conjugating enzyme binding,molecular_function,,,1407,7,GO:0008270,0,0.24
GO:0004111,8,creatine kinase activity,molecular_function,,,1500,7,GO:0005343,0,0.22
GO:0008117,6,sphinganine-1-phosphate aldolase activity,molecular_function,,,1821,8,GO:0047391,0,0.24
GO:0004174,7,electron-transferring-flavoprotein dehydrogenase activity,molecular_function,,,1716,8,GO:0050661,0,0.27
GO:0004321,7,fatty-acyl-CoA synthase activity,molecular_function,,,1725,8,GO:0019382,0,0.22
GO:0005334,7,norepinephrine:sodium symporter activity,molecular_function,,,1636,8,GO:0015290,0,0.42
GO:0003986,7,acetyl-CoA hydrolase activity,molecular_function,,,1741,8,GO:0019216,0,0.26
GO:0043262,6,ADP phosphatase activity,molecular_function,,,1845,8,GO:0016783,0,0.5
GO:0035250,7,UDP-galactosyltransferase activity,molecular_function,,,1707,8,GO:0008377,0,0.21
GO:0141185,7,UFM1-modified protein reader activity,molecular_function,,,1654,8,GO:0140299,0,0.28
GO:0071667,6,DNA/RNA hybrid binding,molecular_function,,,1787,8,GO:0003671,0,0.33
GO:0004489,7,methylenetetrahydrofolate reductase (NAD(P)H) activity,molecular_function,,,1721,8,GO:0050662,0,0.3
GO:0140825,6,lactoperoxidase activity,molecular_function,,,1901,9,GO:0016703,0,0.2
GO:0008597,6,calcium-dependent protein serine/threonine phosphatase regulator activity,molecular_function,,,1985,9,GO:0017076,0,0.26
GO:0046977,6,TAP binding,molecular_function,,,1934,9,GO:0005515,0,0.17
GO:0002046,5,opsin binding,molecular_function,,,2053,9,GO:0046983,0,0.33
GO:0008934,6,inositol monophosphate 1-phosphatase activity,molecular_function,,,1976,9,GO:0016463,0,0.38
GO:0004333,5,fumarate hydratase activity,molecular_function,,,2067,9,GO:0042446,0,0.34
GO:0004967,5,glucagon receptor activity,molecular_function,,,2071,9,GO:0004944,0,0.51
GO:0001602,6,pancreatic polypeptide receptor activity,molecular_function,,,1990,9,GO:0004993,0,0.24
GO:0008761,5,UDP-N-acetylglucosamine 2-epimerase activity,molecular_function,,,2006,9,GO:0051780,0,0.39
GO:0005283,6,amino acid:sodium symporter activity,molecular_function,,,1908,9,GO:0022853,0,0.15
GO:0000252,5,C-3 sterol dehydrogenase (C-4 sterol decarboxylase) activity,molecular_function,,,2277,10,GO:0016623,0,0.33
GO:0004631,5,phosphomevalonate kinase activity,molecular_function,,,2173,10,GO:0052652,0,0.42
GO:0019797,5,procollagen-proline 3-dioxygenase activity,molecular_function,,,2266,10,GO:0012036,0,0.44
GO:0044388,5,small protein activating enzyme binding,molecular_function,,,2106,10,GO:0019909,0,0.2
GO:0002951,5,leukotriene-C(4) hydrolase,molecular_function,,,2112,10,GO:0004402,0,0.28
GO:0003951,4,NAD+ kinase activity,molecular_function,,,2294,10,GO:0010161,0,0.22
GO:0005094,5,Rho GDP-dissociation inhibitor activity,molecular_function,,,2152,10,GO:0019001,0,0.33
GO:0120170,5,intraciliary transport particle B binding,molecular_function,,,2089,10,GO:0071292,0,0.24
GO:1904768,5,all-trans-retinol binding,molecular_function,,,2129,10,GO:0035236,0,0.38
GO:0004775,5,succinate-CoA ligase (ADP-forming) activity,molecular_function,,,2157,10,GO:0004086,0,0.37
GO:0003983,4,UTP:glucose-1-phosphate uridylyltransferase activity,molecular_function,,,2529,11,GO:0000162,0,0.42
GO:0140563,4,"UDP-D-xylose:beta-D-glucoside alpha-1,3-D-xylosyltransferase activity",molecular_function,,,2423,11,GO:0052652,0,0.2
GO:0052839,4,inositol diphosphate tetrakisphosphate kinase activity,molecular_function,,,2379,11,GO:0090275,0,0.5
GO:1903981,4,enterobactin binding,molecular_function,,,2439,11,GO:0032538,0,0.53
GO:0071424,4,rRNA (cytosine-N4-)-methyltransferase activity,molecular_function,,,2424,11,GO:0008167,0,0.2
GO:0141106,4,tRNA methyltransferase activator activity,molecular_function,,,2349,11,GO:0001044,0,0.24
GO:0061711,4,N(6)-L-threonylcarbamoyladenine synthase activity,molecular_function,,,2372,11,GO:0070155,0,0.27
GO:0004572,4,"mannosyl-oligosaccharide 1,3-1,6-alpha-mannosidase activity",molecular_function,,,2343,11,GO:0004563,0,0.31
GO:0004505,4,phenylalanine 4-monooxygenase activity,molecular_function,,,2532,11,GO:0046718,0,0.22
GO:0034875,4,caffeine oxidase activity,molecular_function,,,2525,11,GO:0010373,0,0.24
GO:0015024,3,glucuronate-2-sulfatase activity,molecular_function,,,2666,12,GO:0015028,0,0.27
GO:0047939,4,L-glucuronate reductase activity,molecular_function,,,2570,12,GO:0046420,0,0.38
GO:0050201,4,fucokinase activity,molecular_function,,,2609,12,GO:0046466,0,0.19
GO:0003858,4,3-hydroxybutyrate dehydrogenase activity,molecular_function,,,2636,12,GO:0016616,0,0.17
GO:0045029,3,G protein-coupled UDP receptor activity,molecular_function,,,2657,12,GO:0008284,0,0.28
GO:0047800,4,cysteamine dioxygenase activity,molecular_function,,,2559,12,GO:0048037,0,0.41
GO:0097003,4,adipokinetic hormone receptor activity,molecular_function,,,2630,12,GO:0004970,0,0.19
GO:0160107,3,tRNA (adenine(58)-N1)-methyltransferase activity,molecular_function,,,2762,12,GO:0004803,0,0.26
GO:0060002,4,plus-end directed microfilament motor activity,molecular_function,,,2613,12,GO:0019981,0,0.33
GO:0033749,3,histone H4R3 demethylase activity,molecular_function,,,2662,12,GO:19889,0,0.27
GO:0140486,3,zinc ion sequestering activity,molecular_function,,,2866,13,GO:0046870,0,0.28
GO:0004641,3,phosphoribosylformylglycinamidine cyclo-ligase activity,molecular_function,,,2959,13,GO:0004035,0,0.38
GO:0043185,3,vascular endothelial growth factor receptor 3 binding,molecular_function,,,2826,13,GO:0001949,0,0.33
GO:0004648,3,O-phospho-L-serine:2-oxoglutarate aminotransferase activity,molecular_function,,,2953,13,GO:0051347,0,0.35
GO:2001065,3,mannan binding,molecular_function,,,2911,13,GO:0005524,0,0.45
GO:0140355,3,cargo receptor ligand activity,molecular_function,,,2874,13,GO:0019827,0,0.26
GO:0052832,3,inositol monophosphate 3-phosphatase activity,molecular_function,,,2811,13,GO:0016463,0,0.19
GO:0005153,3,interleukin-8 receptor binding,molecular_function,,,2997,13,GO:0008677,0,0.33
GO:0047506,3,(deoxy)adenylate kinase activity,molecular_function,,,2776,13,GO:0016471,0,0.35
GO:0004337,3,geranyltranstransferase activity,molecular_function,,,2920,13,GO:0016746,0,0.24
GO:0106226,2,peptide 2-hydroxyisobutyryltransferase activity,molecular_function,,,3217,14,GO:0032220,0,0.31
GO:0051903,3,S-(hydroxymethyl)glutathione dehydrogenase [NAD(P)+] activity,molecular_function,,,3037,14,GO:0050204,0,0.33
GO:0004655,3,porphobilinogen synthase activity,molecular_function,,,3110,14,GO:0050662,0,0.3
GO:0004057,3,arginyl-tRNA--protein transferase activity,molecular_function,,,3054,14,GO:0016740,0,0.25
GO:0005175,3,CD27 receptor binding,molecular_function,,,3075,14,GO:0032560,0,0.25
GO:0033703,2,3beta-hydroxy-5beta-steroid dehydrogenase activity,molecular_function,,,3214,14,GO:0016623,0,0.34
GO:0004504,3,peptidylglycine monooxygenase activity,molecular_function,,,3056,14,GO:0004418,0,0.36
GO:0106363,2,protein-cysteine methyltransferase activity,molecular_function,,,3186,14,GO:0100160,0,0.45
GO:0009032,3,thymidine phosphorylase activity,molecular_function,,,3047,14,GO:0140096,0,0.32
GO:0035718,3,macrophage migration inhibitory factor binding,molecular_function,,,3027,14,GO:0042807,0,0.62
GO:0140481,2,ABC-type iron-sulfur cluster transporter activity,molecular_function,,,3381,15,GO:0015291,0,0.3
GO:0031741,2,type B gastrin/cholecystokinin receptor binding,molecular_function,,,3426,15,GO:0004973,0,0.42
GO:0004790,2,thioether S-methyltransferase activity,molecular_function,,,3347,15,GO:0019073,0,0.33
GO:0032143,2,single thymine insertion binding,molecular_function,,,3408,15,GO:0042771,0,0.5
GO:0042163,2,interleukin-12 beta subunit binding,molecular_function,,,3451,15,GO:0032496,0,0.31
GO:0032038,2,myosin II heavy chain binding,molecular_function,,,3326,15,GO:0019909,0,0.25
GO:0141054,2,histone H2B ubiquitin ligase activity,molecular_function,,,3304,15,GO:0061929,0,0.22
GO:1990447,2,U2 snRNP binding,molecular_function,,,3439,15,GO:0000388,0,0.22
GO:0002196,2,Ser-tRNA(Ala) hydrolase activity,molecular_function,,,3415,15,GO:0016798,0,0.33
GO:0046970,2,NAD-dependent histone H4K16 deacetylase activity,molecular_function,,,3276,15,GO:0035094,0,0.29
GO:0004531,2,deoxyribonuclease II activity,molecular_function,,,3496,16,GO:0003677,0,0.3
GO:0031732,2,CCR7 chemokine receptor binding,molecular_function,,,3639,16,GO:0032535,0,0.3
GO:0003904,2,deoxyribodipyrimidine photo-lyase activity,molecular_function,,,3605,16,GO:0004012,0,0.58
GO:0047783,2,corticosterone 18-monooxygenase activity,molecular_function,,,3644,16,GO:0010394,0,0.34
GO:0045550,2,geranylgeranyl reductase activity,molecular_function,,,3611,16,GO:0015028,0,0.28
GO:0004939,2,beta-adrenergic receptor activity,molecular_function,,,3656,16,GO:0014069,0,0.28
GO:0000773,2,phosphatidyl-N-methylethanolamine N-methyltransferase activity,molecular_function,,,3681,16,GO:0016746,0,0.32
GO:0047865,2,dimethylglycine dehydrogenase activity,molecular_function,,,3518,16,GO:0050356,0,0.31
GO:0004686,2,elongation factor-2 kinase activity,molecular_function,,,3640,16,GO:0016308,0,0.3
GO:0005185,2,neurohypophyseal hormone activity,molecular_function,,,3662,16,GO:0005178,0,0.19
GO:0141000,1,histone H4K91 ubiquitin ligase activity,molecular_function,,,3893,17,GO:0019073,0,0.19
GO:0042356,1,GDP-4-dehydro-D-rhamnose reductase activity,molecular_function,,,3849,17,GO:0043875,0,0.27
GO:0160118,1,tRNA (guanine(7)-N2)-methyltransferase activity,molecular_function,,,3913,17,GO:0004803,0,0.29
GO:0010308,1,acireductone dioxygenase (Ni2+-requiring) activity,molecular_function,,,3912,17,GO:0050661,0,0.33
GO:0001616,2,growth hormone secretagogue receptor activity,molecular_function,,,3746,17,GO:0004993,0,0.36
GO:0016223,1,beta-alanine-pyruvate transaminase activity,molecular_function,,,3906,17,GO:0050661,0,0.31
GO:0017096,2,acetylserotonin O-methyltransferase activity,molecular_function,,,3763,17,GO:0004033,0,0.17
GO:0018729,1,propionate CoA-transferase activity,molecular_function,,,3876,17,GO:0019393,0,0.36
GO:0003972,2,RNA ligase (ATP) activity,molecular_function,,,3749,17,GO:0004553,0,0.3
GO:0003943,2,N-acetylgalactosamine-4-sulfatase activity,molecular_function,,,3737,17,GO:0004566,0,0.28
GO:0180017,1,K11-linked deubiquitinase activity,molecular_function,,,3949,18,GO:0061630,0,0.31
GO:0102571,1,[protein]-3-O-(N-acetyl-D-glucosaminyl)-L-serine/L-threonine O-N-acetyl-alpha-D-glucosaminase activity,molecular_function,,,4055,18,GO:0042178,0,0.38
GO:0036458,1,hepatocyte growth factor binding,molecular_function,,,4066,18,GO:0001946,0,0.28
GO:0031812,1,P2Y1 nucleotide receptor binding,molecular_function,,,4149,18,GO:0015276,0,0.42
GO:0062185,1,secalciferol 1-monooxygenase activity,molecular_function,,,4063,18,GO:0019829,0,0.39
GO:0046623,1,sphingolipid floppase activity,molecular_function,,,4090,18,GO:0010288,0,0.32
GO:1990955,1,G-rich single-stranded DNA binding,molecular_function,,,4076,18,GO:0003681,0,0.28
GO:0016232,1,HNK-1 sulfotransferase activity,molecular_function,,,4058,18,GO:0016836,0,0.41
GO:0160134,1,protein-RNA sequence-specific adaptor activity,molecular_function,,,4141,18,GO:0032557,0,0.31
GO:0031840,1,type 2 neuromedin U receptor binding,molecular_function,,,4127,18,GO:0004970,0,0.26
GO:0005140,1,interleukin-9 receptor binding,molecular_function,,,4262,19,GO:0032569,0,0.36
GO:0036470,1,tyrosine 3-monooxygenase activator activity,molecular_function,,,4280,19,GO:0019827,0,0.35
GO:0044603,1,protein adenylylhydrolase activity,molecular_function,,,4274,19,GO:0017076,0,0.25
GO:0001847,1,opsonin receptor activity,molecular_function,,,4212,19,GO:0001861,0,0.26
GO:0008482,1,sulfite oxidase activity,molecular_function,,,4261,19,GO:0004448,0,0.47
GO:0061690,1,lipoamidase activity,molecular_function,,,4308,19,GO:0019390,0,0.36
GO:0008893,1,"guanosine-3',5'-bis(diphosphate) 3'-diphosphatase activity",molecular_function,,,4296,19,GO:0004506,0,0.27
GO:0008752,1,FMN reductase (NAD(P)H) activity,molecular_function,,,4160,19,GO:0051287,0,0.35
GO:0001010,1,RNA polymerase II sequence-specific DNA-binding transcription factor recruiting activity,molecular_function,,,4374,19,GO:0000981,0,0.28
GO:0033764,1,"steroid dehydrogenase activity, acting on the CH-OH group of donors, NAD or NADP as acceptor",molecular_function,,,4320,19,GO:0016625,0,0.47
GO:0106078,1,histone succinyltransferase activity,molecular_function,,,4420,20,GO:0010778,0,0.31
GO:0005221,1,intracellularly cyclic nucleotide-activated monoatomic cation channel activity,molecular_function,,,4568,20,GO:1990054,0,0.28
GO:0120509,1,hydroxypyruvate reductase (NADPH) activity,molecular_function,,,4492,20,GO:0053118,0,0.3
GO:0002113,1,interleukin-33 binding,molecular_function,,,4410,20,GO:0005154,0,0.31
GO:0042922,1,neuromedin U receptor binding,molecular_function,,,4450,20,GO:0004970,0,0.55
GO:0046980,1,tapasin binding,molecular_function,,,4530,20,GO:0042807,0,0.21
GO:0032567,1,dGTP binding,molecular_function,,,4510,20,GO:0000166,0,0.19
GO:1990362,1,butanol dehydrogenase (NAD+) activity,molecular_function,,,4617,20,GO:0048151,0,0.35
GO:0001512,1,dihydronicotinamide riboside quinone reductase activity,molecular_function,,,4611,20,GO:0070407,0,0.28
GO:0008892,1,guanine deaminase activity,molecular_function,,,4424,20,GO:0004403,0,0.36
